step,EKF,G-FOLD,PID_Controller,FTCA,total_ms
0,0.2666000000317581,152.45340000183205,0.15300000086426735,5.372600000555394,158.4426999979769
1,0.09679999857326038,79.43559999694116,0.136500002554385,5.303699999785749,85.14550000109011
2,0.10209999891230837,74.28319999962696,0.13610000314656645,6.8721999996341765,81.56129999770201
3,0.10900000052060932,79.86570000139182,0.12349999815342017,5.255500000203028,85.52639999834355
4,0.09700000009615906,143.74839999800315,0.2782000010483898,7.367000001977431,151.87850000074832
5,0.11159999849041924,87.33489999940502,0.30390000029001385,6.439699998736614,94.4450000024517
6,0.1019000010273885,103.25010000087786,0.1655000014579855,10.658299997885479,114.3618999994942
7,0.11579999772948213,97.66399999716668,0.24340000163647346,7.748100000753766,105.99379999985103
8,0.11010000162059441,164.77189999932307,0.21799999740323983,7.744499998807441,173.00479999903473
9,0.13689999832422473,96.6816000000108,0.15789999815751798,7.39160000011907,104.55580000052578
10,0.16700000196578912,90.83589999863761,0.12620000052265823,5.932100000791252,97.22989999863785
11,0.10230000043520704,82.17159999912838,0.17470000238972716,6.810099999711383,89.43080000244663
12,0.103599999420112,147.52149999912945,0.13610000314656645,6.578299999091541,154.51419999953941
13,0.09800000043469481,84.91700000013225,0.1472000003559515,5.950800001301104,91.31690000140225
14,0.09930000305757858,75.87679999778629,0.26590000197757035,5.728199997975025,82.30710000134422
15,0.1005000012810342,77.35630000024685,0.11900000026798807,5.296499999531079,83.04399999906309
16,0.10109999857377261,124.45020000086515,0.12229999992996454,5.438200001663063,130.29500000266125
17,0.09960000170394778,76.13520000086282,0.16490000052726828,5.64709999889601,82.22380000006524
18,0.10770000153570436,76.90489999731653,0.15830000120331533,5.575399998633657,82.9386000004888
19,0.10580000162008218,76.00869999805582,0.1396000006934628,5.722599998989608,82.15649999692687
20,0.2268999996886123,125.23859999782871,0.16140000298037194,5.579500000749249,131.42700000025798
21,0.10550000297371298,73.89590000093449,0.143599998409627,5.309000000124797,79.62929999848711
22,0.09949999730451964,73.20729999992182,0.15250000069499947,5.501100000401493,79.14340000206721
23,0.10240000119665638,126.07249999928172,0.13930000204709359,5.288199998176424,131.79020000097807
24,0.09760000102687627,73.08800000100746,0.1300999974773731,5.4751999996369705,78.95250000001397
25,0.10549999933573417,75.35660000212374,0.14699999883305281,5.32270000257995,81.1065999987477
26,0.09619999764254317,74.98279999708757,0.12620000052265823,5.401999998866813,80.77860000048531
27,0.09800000043469481,129.60670000029495,0.13559999933931977,5.86720000137575,135.88870000239694
28,0.10320000001229346,72.18709999870043,0.1343000003544148,6.1317999970924575,78.7345999997342
29,0.10610000026645139,72.31279999905382,0.1340000017080456,5.368499998439802,78.09479999923497
30,0.1626999983272981,73.61780000064755,0.15910000001895241,5.554399998800363,79.66049999959068
31,0.10200000178883784,134.66279999920516,0.1291999979002867,5.4225000021688174,140.48990000082995
32,0.10239999755867757,76.27570000113337,0.13799999942420982,5.383499999879859,82.06159999826923
33,0.10180000026593916,76.5757000008307,0.13890000263927504,5.617799997708062,82.59819999875617
34,0.10769999789772555,72.93139999819687,0.12620000052265823,5.32990000283462,78.65659999879426
35,0.10140000085812062,126.37069999982486,0.13749999925494194,5.269599998428021,132.04839999889373
36,0.10029999975813553,74.4226000024355,0.14169999849400483,5.248800000117626,80.09200000014971
37,0.1097999993362464,72.72570000350242,0.13670000043930486,5.273200000374345,78.41150000240305
38,0.10340000153519213,72.97259999904782,0.12700000297627412,5.257000000710832,78.62739999836776
39,0.10290000136592425,128.4881999999925,0.12659999993047677,5.339699997421121,134.23209999746177
40,0.15659999917261302,72.13970000157133,0.13390000094659626,5.308499999955529,77.90970000132802
41,0.10610000026645139,74.99470000038855,0.13590000162366778,5.476900001667673,80.89670000117621
42,0.10280000060447492,73.92989999789279,0.1373999984934926,5.480499999976018,79.83299999978044
43,0.10960000145132653,128.24470000123256,0.1446999995096121,5.370199996832525,134.06319999921834
44,0.10400000246590935,77.33509999889066,0.1444000008632429,5.43649999963236,83.1904000006034
45,0.09969999882741831,74.00970000162488,0.2342000007047318,5.36389999979292,80.16979999956675
46,0.09870000212686136,74.59759999983362,0.1292000015382655,5.377199999202276,80.35670000026585
47,0.09870000212686136,138.80190000054426,0.13530000069295056,5.227899997407803,144.4205999978294
48,0.10040000051958486,73.77080000151182,0.13549999857787043,5.315300000802381,79.5031999987259
49,0.09479999789618887,73.1541000022844,0.12520000018412247,5.287699998007156,78.83589999983087
50,0.16489999688928947,74.37519999803044,0.13620000027003698,5.539800000406103,80.3888000009465
51,0.10040000051958486,131.71309999961522,0.1373999984934926,5.334199999197153,137.459100002161
52,0.11169999925186858,74.03780000095139,0.13699999908567406,5.714099999750033,80.18469999660738
53,0.10229999679722823,73.86689999839291,0.12079999942216091,5.534699997951975,79.79030000205967
54,0.10069999916595407,80.9902000000875,0.19869999960064888,7.2538000022177584,88.73429999948712
55,0.112900001113303,128.6949999994249,0.13519999993150122,5.350699997507036,134.4699999972363
56,0.11169999925186858,72.86039999962668,0.13450000187731348,5.3210000005492475,78.60390000132611
57,0.10029999975813553,74.37750000099186,0.13039999976172112,5.37619999886374,80.15960000193445
58,0.10109999857377261,73.1195000007574,0.139899999339832,5.334899997251341,78.86090000101831
59,0.10269999984302558,124.07919999895967,0.1221999991685152,5.60580000092159,130.0905000025523
60,0.15949999942677096,73.3022999993409,0.13179999950807542,6.700800000544405,80.47390000137966
61,0.12559999959194101,77.2465000009106,0.1320000010309741,5.234899999777554,82.91729999837116
62,0.0988000028883107,134.26049999907264,0.1584999990882352,5.3919999991194345,140.09360000272864
63,0.10209999891230837,73.1564999987313,0.1373999984934926,5.3327000023273285,78.89919999797712
64,0.1007999999274034,74.87529999707476,0.1453000004403293,5.340199997590389,80.6371999969997
65,0.10169999950448982,74.79109999985667,0.14089999967836775,5.415899999206886,80.60870000190334
66,0.09929999941959977,129.8480000004929,0.11889999950653873,5.253899998933775,135.47810000090976
67,0.10019999899668619,77.42009999856236,0.13720000060857274,5.259599998680642,83.09160000135307
68,0.09859999772743322,74.90809999944759,0.1260999997612089,7.693799998378381,83.01330000176677
69,0.2224000018031802,74.39589999921736,0.1315000008617062,5.236800003331155,80.1575999976194
70,0.17079999815905467,122.7874000032898,0.1430000011168886,5.37379999877885,128.65480000255047
71,0.09950000094249845,73.00920000125188,0.13440000111586414,5.233100000623381,78.65200000014738
72,0.09729999874252826,72.77719999910914,0.12650000280700624,5.260599999019178,78.43910000156029
73,0.09990000035031699,74.35439999972004,0.1295000001846347,5.32770000063465,80.07130000260076
74,0.11720000111381523,133.5094999994908,0.18289999934495427,5.244600000878563,139.2388000022038
75,0.09820000195759349,74.40869999845745,0.12509999942267314,5.200600000534905,80.00449999963166
76,0.11169999925186858,72.12660000004689,0.1235999989148695,5.274700000882149,77.79659999869182
77,0.09779999891179614,79.51569999931962,0.22959999841987155,5.705200001102639,85.7389000011608
78,0.10619999738992192,139.52430000063032,0.12440000136848539,5.251300000963965,145.16689999800292
79,0.0987999992503319,72.80030000038096,0.13169999874662608,5.300999997416511,78.49709999936749
80,0.161899999511661,76.52699999744073,0.1464000015403144,5.433899998024572,82.44579999882262
81,0.10069999916595407,75.62430000325548,0.1311999985773582,6.055799996829592,82.08460000241757
82,0.2426999999443069,137.54700000208686,0.1412999990861863,5.2614000014727935,143.3643000018492
83,0.10240000119665638,76.98369999707211,0.18900000213761814,5.781200001365505,83.29039999807719
84,0.09940000018104911,75.50320000154898,0.14089999967836775,5.262400001811329,81.18350000222563
85,0.225499999942258,73.39080000019749,0.13609999950858764,5.559000001085224,79.48889999897801
86,0.10789999942062423,131.775200003176,0.1281000004382804,5.247800003417069,137.41750000190223
87,0.09869999848888256,74.54439999855822,0.13349999790079892,5.2961000001232605,80.25099999940721
88,0.09730000238050707,79.17300000190153,0.14859999646432698,6.693400002404815,86.27250000063214
89,0.1064000025507994,88.23430000120425,0.16069999765022658,5.240800001047319,93.92719999959809
90,0.15669999993406236,129.67500000013388,0.12970000170753337,5.261500002234243,135.37479999649804
91,0.11319999975967221,77.00130000011995,0.12600000263773836,5.335200003173668,82.75009999852045
92,0.1021999996737577,72.43490000109887,0.13040000339969993,5.268899996735854,78.10850000169012
93,0.09940000018104911,76.11880000331439,0.1260999997612089,5.285600000206614,81.7986000001838
94,0.10130000009667128,124.14910000006785,0.14849999934085645,5.829099998663878,130.40339999861317
95,0.11109999832115136,71.98040000002948,0.12620000052265823,5.589999997027917,77.97850000133622
96,0.10350000229664147,74.17809999969904,0.14509999891743064,5.293400001392001,79.89989999987301
97,0.09900000077323057,71.9325000027311,0.13110000145388767,5.25500000003376,77.58710000052815
98,0.09510000018053688,123.28429999979562,0.1263999984075781,5.247000000963453,128.9400999994541
99,0.10000000111176632,92.58349999799975,0.16619999951217324,5.975899999612011,98.99319999749423
100,0.18950000230688602,78.9894000008644,0.1387999982398469,5.327999999281019,84.82839999851421
101,0.1052999978128355,137.6931999984663,0.12380000043776818,5.316099999618018,143.40739999897778
102,0.09919999865815043,75.1550999993924,0.11960000119870529,5.267099997581681,80.8139000000665
103,0.09929999941959977,74.20300000012503,0.1917000008688774,5.4123999980220105,80.10269999795128
104,0.10130000009667128,73.02179999896907,0.13029999900027178,5.244300002232194,78.67419999820413
105,0.10290000136592425,126.00559999918914,0.13389999730861746,5.631900003209012,132.05229999948642
106,0.09720000161905773,73.843999998644,0.13269999908516183,5.3450999985216185,79.59089999712887
107,0.09919999865815043,73.36679999934859,0.14200000077835284,5.280200002744095,79.05549999850336
108,0.1067000011971686,72.94510000065202,0.17320000188192353,5.253200000879588,78.67609999811975
109,0.09970000246539712,127.6118999994651,0.1374000021314714,5.274999999528518,133.29650000014226
110,0.16799999866634607,72.72569999986445,0.14590000137104653,5.56960000176332,78.78189999973984
111,0.09960000170394778,72.31019999744603,0.12900000001536682,5.389799996919464,78.09640000050422
112,0.10159999874304049,72.07190000190167,0.12659999993047677,5.260800000542076,77.72249999834457
113,0.09979999958886765,140.76310000018566,0.1247000000148546,5.167299997992814,146.32730000084848
114,0.09960000170394778,75.08859999870765,0.1328999969700817,5.3716000002168585,80.86720000210335
115,0.11720000111381523,72.3643000019365,0.12589999823831022,5.232799998339033,78.01349999863305
116,0.09860000136541203,75.57989999986603,0.14680000094813295,5.282300000544637,81.30410000012489
117,0.2299999978276901,134.19100000101025,0.12340000102994964,5.444899998110486,140.15769999969052
118,0.10570000085863285,73.20310000068275,0.12790000255336054,5.960499998764135,79.56859999831067
119,0.1005000012810342,73.2170999981463,0.1382000009471085,5.374799999117386,79.00140000128886
120,0.18390000332146883,77.15169999937643,0.14419999934034422,5.408100001659477,83.07260000219685
121,0.09890000001178123,132.1390999983123,0.14849999934085645,5.224000000453088,137.7859999993234
122,0.10879999899771065,83.84880000085104,0.1512000017100945,5.9909000010520685,90.32339999976102
123,0.11390000145183876,73.8699000030465,0.2465999968990218,7.501899999624584,81.94759999969392
124,0.10320000001229346,79.46690000244416,0.14509999891743064,5.485000001499429,85.37199999773293
125,0.10070000280393288,130.35649999801535,0.12409999908413738,7.38650000130292,138.14429999911226
126,0.09780000254977494,76.48300000073505,0.13720000060857274,6.120800000644522,83.00230000168085
127,0.1126000024669338,73.90300000042771,0.15809999968041666,5.4559000018343795,79.8703000000387
128,0.09850000060396269,78.75379999677534,0.1269999993382953,5.288200001814403,84.44560000134516
129,0.10019999899668619,127.87120000211871,0.1419000000169035,5.530300000827992,133.83189999876777
130,0.1754000004439149,87.37059999839403,0.14649999866378494,5.498700000316603,93.37400000003981
131,0.10320000001229346,105.09779999847524,0.1609999999345746,6.147799998871051,111.78650000147172
132,0.10439999823574908,103.67300000143587,0.19260000044596381,8.150800000294112,112.39029999705963
133,0.14899999951012433,136.36250000126893,0.130899999930989,5.270500001643086,142.07680000254186
134,0.09800000043469481,71.73079999847687,0.13169999874662608,5.20909999977448,77.32649999888963
135,0.1081000009435229,77.99490000252263,0.1467000001866836,5.527600002096733,83.95999999993364
136,0.10290000136592425,82.74619999792776,0.18810000256053172,5.39779999962775,88.63100000235136
137,0.09979999958886765,162.7002999994147,0.18350000027567148,5.586999999650288,168.75590000199736
138,0.10109999857377261,81.44710000124178,0.1812999980757013,6.219099999725586,88.12540000144509
139,0.09960000170394778,86.60610000151792,0.24729999859118834,7.730699999228818,95.03440000116825
140,0.18450000061420724,141.80430000124034,0.13019999823882245,5.345699999452336,147.64579999973648
141,0.09969999882741831,76.54470000125002,0.13729999773204327,5.197500002395827,82.1509999987029
142,0.09980000322684646,78.06479999999283,0.18759999875328504,6.680100002995459,85.2249000017764
143,0.10099999781232327,82.2264999987965,0.15749999874969944,7.146099997044075,89.8142000005464
144,0.11059999815188348,151.36989999882644,0.1849999971454963,6.155300001410069,158.05159999945317
145,0.10069999916595407,88.17439999984344,0.12930000229971483,5.672600000252714,94.25769999870681
146,0.09990000035031699,90.51560000079917,0.6945999994059093,18.61790000111796,110.33479999969131
147,0.1483999985794071,134.06249999752617,0.3851000001304783,8.34009999744012,143.16650000182563
148,0.1283999990846496,180.95950000133598,0.17409999782103114,6.171799999719951,187.61739999899874
149,0.12550000246847048,97.60199999800534,0.14379999993252568,6.681800001388183,104.71940000206814
150,0.1788000008673407,95.41879999960656,0.20369999765534885,8.06870000087656,104.05639999953564
151,0.13609999950858764,89.91529999912018,0.1655000014579855,6.01489999826299,96.42600000006496
152,0.11639999866019934,160.57390000059968,0.1677999971434474,6.456299997807946,167.50619999947958
153,0.10520000068936497,84.07459999943967,0.12260000221431255,5.6308000021090265,90.11430000100518
154,0.09940000018104911,81.47880000251462,0.15440000061062165,7.8308999982255045,89.73530000002938
155,0.1171000003523659,83.27210000061314,0.20430000222404487,6.127799999376293,89.90360000098008
156,0.10240000119665638,142.89669999925536,0.20679999943240546,7.437899999786168,150.95449999716948
157,0.1049999991664663,84.59319999747095,0.14770000052521937,5.764000001363456,90.78779999981634
158,0.10269999984302558,80.06319999913103,0.13639999815495685,6.00029999986873,86.48670000184211
159,0.09729999874252826,83.94570000018575,0.14070000179344788,5.681200000253739,90.02970000074129
160,0.15700000221841037,130.62440000067,0.15789999815751798,6.512300002214033,137.62470000074245
161,0.10960000145132653,77.46140000017476,0.12589999823831022,5.352299998776289,83.20759999696747
162,0.09789999967324547,75.69489999877987,0.12630000128410757,6.429699998989236,82.52119999815477
163,0.10399999882793054,126.5942999998515,0.16450000111944973,5.5575999977008905,132.5963999988744
164,0.10380000094301067,141.58619999943767,0.13439999747788534,5.883200003154343,147.8752999973949
165,0.09839999984251335,78.56399999946007,0.17010000010486692,5.358099999284605,84.35819999795058
166,0.1049999991664663,74.48909999948228,0.12939999942318536,5.342899999959627,80.2548999999999
167,0.10409999958937988,78.26779999959399,0.13380000018514693,5.462199998873984,84.14149999953224
168,0.10109999857377261,149.17110000169487,0.13649999891640618,5.611600001429906,155.1934999988589
169,0.11939999967580661,73.78830000016023,0.1350999991700519,5.341500000213273,79.54740000059246
170,0.16400000095018186,81.30859999801032,0.14039999950909987,5.405599997175159,87.19540000311099
171,0.10379999730503187,73.6088000012387,0.1370999998471234,5.263299997750437,79.28360000005341
172,0.10280000060447492,129.64559999818448,0.2243999988422729,7.800600000336999,138.01240000248072
173,0.1534000002720859,84.61549999992712,0.13500000204658136,5.415399999037618,90.50159999969765
174,0.10089999705087394,76.5971000000718,0.13970000145491213,5.42209999912302,82.42539999992005
175,0.10259999908157624,73.7836000007519,0.1233000002685003,5.294399998092558,79.4657999977062
176,0.09810000119614415,125.85509999917122,0.13109999781590886,5.458699997689109,131.7111999996996
177,0.09839999984251335,72.47830000051181,0.14260000170907006,5.345500001567416,78.25299999967683
178,0.0974000031419564,81.26199999969685,0.1506000007793773,5.5294999983743764,87.2135999998136
179,0.10110000221175142,134.06170000234852,0.12770000103046186,5.274899998767069,139.72930000090855
180,0.15780000103404745,73.57910000064294,0.13449999823933467,5.283499998768093,79.33929999853717
181,0.1005000012810342,73.16229999923962,0.12960000094608404,5.352600001060637,78.92390000051819
182,0.10370000018156134,74.09769999867422,0.13020000187680125,5.340299998351838,79.8560000002908
183,0.09859999772743322,133.06110000121407,0.18180000188294798,7.202200002211612,140.74949999849196
184,0.11509999967529438,85.75790000031702,0.1809999994293321,6.425499999750173,92.65629999936209
185,0.12179999976069666,80.05219999904511,0.16740000137360767,5.282399997668108,85.80299999812269
186,0.09530000170343556,77.02299999800744,0.15249999705702066,5.387700002756901,82.83490000030724
187,0.10210000255028717,130.63019999754033,0.13620000027003698,5.503200001840014,136.5390999999363
188,0.12260000221431255,73.47410000147647,0.1260999997612089,5.368599999201251,79.26129999759723
189,0.1112000027205795,75.49510000171722,0.12969999806955457,5.433099999208935,81.34349999818369
190,0.16790000154287554,71.95730000239564,0.14100000043981709,5.351600000722101,77.79650000156835
191,0.09990000035031699,133.0325000017183,0.1509000030637253,5.313900001056027,138.76040000104695
192,0.10420000035082921,73.38769999842043,0.1354000014543999,5.384899999626214,79.19249999758904
193,0.11319999975967221,75.03809999980149,0.12769999739248306,5.729900000005728,81.18929999909597
194,0.09660000068834051,74.49400000041351,0.31859999944572337,5.622299999231473,80.74670000132755
195,0.1053000014508143,130.38009999945643,0.13499999840860255,7.040399999823421,137.8328999999212
196,0.10689999908208847,74.8158999995212,0.1483999985794071,5.250400001386879,80.49830000163638
197,0.09619999764254317,77.27910000176053,0.1416000013705343,5.360600000130944,83.05059999838704
198,0.09860000136541203,73.58690000182833,0.12860000060754828,5.282199999783188,79.26819999920554
199,0.0990999978967011,134.8257999998168,0.16039999900385737,5.774799999926472,141.04320000114967
200,0.16459999824292026,75.41739999942365,0.12860000060754828,5.318299998180009,81.19289999740431
201,0.10259999908157624,73.24769999831915,0.12109999806853011,5.371499999455409,79.0123999977368
202,0.10299999848939478,72.79639999978826,0.14769999688724056,5.400099998951191,78.62260000183596
203,0.10119999933522195,125.22939999689697,0.15150000035646372,5.299099997500889,130.95800000155577
204,0.09649999992689118,74.1950999981782,0.14110000120126642,5.305500002577901,79.91669999682927
205,0.10320000001229346,73.13399999839021,0.12480000077630393,5.31780000164872,78.90889999907813
206,0.10000000111176632,75.74100000056205,0.13490000128513202,5.662600000505336,81.81189999959315
207,0.1100999979826156,134.07610000285786,0.16770000001997687,6.470899999840185,141.03459999751067
208,0.14210000153980218,77.77840000198921,0.149200001033023,5.3442999997059815,83.5984000004828
209,0.09679999857326038,75.29339999746298,0.12700000297627412,5.418800003099022,81.11450000069453
210,0.16179999875021167,75.0953999995545,0.13700000272365287,6.616099999519065,82.17240000158199
211,0.3240000005462207,131.33440000092378,0.1306000012846198,5.349000002752291,137.31239999833633
212,0.10180000026593916,72.56559999950696,0.12910000077681616,5.275499999697786,78.25900000170805
213,0.10169999950448982,73.6505999993824,0.1419000000169035,5.295599999953993,79.36590000099386
214,0.09819999831961468,75.23599999694852,0.12960000094608404,5.314799996995134,80.94939999864437
215,0.10339999789721332,128.17590000122436,0.1632999992580153,5.414900002506329,134.035800001584
216,0.10069999916595407,79.48020000185352,0.13490000128513202,5.477000002429122,85.37760000035632
217,0.10029999975813553,74.43790000252193,0.1267000006919261,5.856199997651856,80.69429999886779
218,0.09709999721962959,130.446999999549,0.12539999806904234,5.1518999971449375,136.01240000207326
219,0.09649999992689118,80.98859999881824,0.1886000027297996,5.387400000472553,86.83300000120653
220,0.15700000221841037,72.81920000241371,0.1292000015382655,5.27469999724417,78.55969999945955
221,0.10209999891230837,75.14720000108355,0.1574000016262289,5.28180000037537,80.8614999987185
222,0.09890000001178123,126.75859999944805,0.1281000004382804,5.40270000055898,132.55280000157654
223,0.10970000221277587,77.31440000134171,0.13420000323094428,5.232900002738461,82.97210000091582
224,0.09860000136541203,78.73029999973369,0.13939999917056412,5.207300000620307,84.36660000006668
225,0.10570000085863285,75.16480000049341,0.14240000018617138,5.904100002226187,81.4842999971006
226,0.10509999992791563,124.59950000265962,0.16360000154236332,5.490800002007745,130.57209999897168
227,0.09969999882741831,72.08299999911105,0.14759999976377003,5.569900000409689,78.06449999770848
228,0.09940000018104911,72.29490000099759,0.12659999993047677,5.173699999431847,77.8660999967542
229,0.10380000094301067,74.51940000100876,0.143599998409627,5.282400001306087,80.22840000194265
230,0.1616000008652918,136.42260000051465,0.13969999781693332,5.237999997916631,142.1407999987423
231,0.1049999991664663,74.21640000029583,0.1253000009455718,5.190899999433896,79.80080000197631
232,0.09950000094249845,75.96889999695122,0.12789999891538173,5.258499997580657,81.6235999991477
233,0.09990000035031699,72.0060999992711,0.12689999857684597,5.215500001213513,77.61799999934738
234,0.10660000043571927,129.23370000135037,0.14170000213198364,7.0173999993130565,136.67920000079903
235,0.10239999755867757,81.94860000003246,0.14729999747942202,5.257799999526469,87.63539999927161
236,0.09859999772743322,76.37160000012955,0.12249999781488441,5.2770000002055895,82.03859999775887
237,0.1005000012810342,74.41519999701995,0.13390000094659626,5.345399997167988,80.21259999804897
238,0.10130000009667128,135.2608000015607,0.1376999971398618,5.315499998687301,140.99549999809824
239,0.10230000043520704,73.29010000103153,0.12770000103046186,5.2500000019790605,78.9504999993369
240,0.15690000145696104,72.67100000171922,0.13100000069243833,5.276199997751974,78.40520000172546
241,0.10610000026645139,76.8469999966328,0.13029999900027178,5.22580000324524,82.4748000013642
242,0.09869999848888256,127.52180000097724,0.12970000170753337,5.300100001477404,133.20970000131638
243,0.10169999950448982,75.45550000213552,0.1413000027241651,5.21659999867552,81.09539999713888
244,0.10019999899668619,71.66300000244519,0.14879999798722565,5.173599998670397,77.26120000006631
245,0.10019999899668619,73.35830000010901,0.1269999993382953,5.277299998851959,79.03090000036173
246,0.10099999781232327,125.06700000085402,0.13299999773153104,5.233600000792649,130.70470000093337
247,0.10119999933522195,72.96060000226134,0.1247000000148546,5.237599998508813,78.61590000175056
248,0.09639999916544184,71.73530000000028,0.12060000153724104,5.889399999432499,78.01290000134031
249,0.11550000272109173,74.53759999771137,0.13140000010025688,5.30119999893941,80.26830000017071
250,0.16150000010384247,122.85930000143708,0.12200000128359534,5.270399997243658,128.64759999865782
251,0.10130000009667128,73.53090000106022,0.1249999986612238,5.472000000736443,79.39469999837456
252,0.1021999996737577,74.51990000117803,0.11649999942164868,5.248000001301989,80.14579999871785
253,0.09639999916544184,75.92039999872213,0.14929999815649353,5.791899999167072,82.13290000276174
254,0.10469999688211828,135.00670000212267,0.15100000018719584,5.2251000015530735,140.66440000169678
255,0.09819999831961468,76.26760000130162,0.14379999993252568,5.345800000213785,82.04910000131349
256,0.10109999857377261,83.38340000045719,0.13829999807057902,8.612300000095274,92.40829999907874
257,0.15139999959501438,127.68990000040503,0.12280000009923242,5.198599999857834,133.3377000009932
258,0.09929999941959977,72.02239999969606,0.1274999995075632,5.222800002229633,77.63909999994212
259,0.09809999755816534,75.16670000040904,0.14899999951012433,5.277400003251387,80.85529999880237
260,0.15580000035697594,72.78129999758676,0.1376999971398618,6.826000000728527,80.08479999989504
261,0.1512000017100945,133.43650000024354,0.1233000002685003,5.317200000718003,139.20580000194605
262,0.11389999781385995,73.34460000129184,0.1396000006934628,5.572900001425296,79.33780000166735
263,0.10380000094301067,75.2513999977964,0.12480000077630393,5.324600002495572,80.97650000127032
264,0.1005000012810342,73.45399999758229,0.1373999984934926,5.351499999960652,79.22660000258475
265,0.10660000043571927,126.54619999739225,0.130899999930989,5.274999999528518,132.23870000001625
266,0.10040000051958486,72.3775000005844,0.12819999756175093,5.308400002832059,78.08880000084173
267,0.09920000229612924,73.20089999848278,0.12310000238358043,5.2704000008816365,78.85770000211778
268,0.09890000001178123,73.56430000072578,0.14250000094762072,5.857200001628371,79.82339999944088
269,0.10019999899668619,127.19529999958468,0.134599999000784,5.284999999275897,132.8914999976405
270,0.16060000052675605,75.23870000295574,0.13109999781590886,5.233800002315547,80.95139999932144
271,0.09820000195759349,72.84810000055586,0.12679999781539664,5.3017000027466565,78.54600000064238
272,0.1016000023810193,73.8214999983029,0.12319999950705096,5.431000001408393,79.66400000077556
273,0.10199999815085903,122.55690000165487,0.13640000179293565,5.371899998863228,128.34080000175163
274,0.10339999789721332,73.72599999871454,0.13050000052317046,5.270899997412926,79.38780000040424
275,0.10109999857377261,72.79919999928097,0.13559999933931977,5.2590000013879035,78.48559999911231
276,0.0976999981503468,73.19799999822862,0.17559999832883477,5.69050000194693,79.35580000048503
277,0.10570000085863285,146.33710000271094,0.13380000018514693,5.294099999446189,152.04979999907664
278,0.10060000204248354,72.56829999823822,0.13380000018514693,5.316200000379467,78.28859999790438
279,0.09850000060396269,73.4651999991911,0.21330000163288787,5.208599999605212,79.15779999893857
280,0.15390000044135377,73.25729999865871,0.15559999883407727,5.277899999782676,79.06279999951948
281,0.0991000015346799,130.573500002356,0.13530000069295056,6.578399999852991,137.55610000225715
282,0.1007999999274034,88.87909999975818,0.1391000005241949,5.255600000964478,94.55159999924945
283,0.10040000051958486,73.06160000007367,0.15449999773409218,5.208899998251582,78.6900000020978
284,0.09919999865815043,73.93190000220784,0.15010000061010942,6.762900000467198,81.11710000230232
285,0.09820000195759349,139.9545999993279,0.11799999992945231,5.671300001267809,145.99920000182465
286,0.12740000238409266,92.79070000047795,0.13559999933931977,6.68980000045849,99.92630000124336
287,0.1033000007737428,80.9203000026173,0.13500000204658136,5.290100001730025,86.6174000002502
288,0.09710000085760839,75.16660000328557,0.12510000306065194,5.262899998342618,80.8273000002373
289,0.09869999848888256,125.918300000194,0.14309999824035913,5.357800000638235,131.68819999918924
290,0.1635999979043845,75.72690000233706,0.145500001963228,5.20669999968959,81.418500001746
291,0.10420000035082921,74.39220000014757,0.12889999925391749,5.2577000024029985,80.0550000021758
292,0.09859999772743322,74.63999999890802,0.13279999984661117,5.346999998437241,80.38179999857675
293,0.10159999874304049,132.99059999917517,0.14589999773306772,5.328499999450287,138.74890000079176
294,0.12060000153724104,79.00700000027427,0.13440000111586414,5.614999998215353,85.04380000158562
295,0.09759999738889746,76.71429999754764,0.15409999832627364,5.383400002756389,82.52900000297814
296,0.10119999933522195,138.06889999978011,0.1491999973950442,5.417500000476139,143.91780000005383
297,0.09719999798107892,74.26440000199364,0.12889999925391749,5.677699999068864,80.34029999907943
298,0.10209999891230837,78.94390000001295,0.1940000001923181,16.939700002694735,96.38140000242856
299,1.5191000020422507,201.6339000001608,0.5660999995598104,28.154399999039015,232.50529999859282
300,0.20389999917824753,302.3852000005718,0.6233000021893531,9.569300000293879,313.1978999990679
301,0.14369999917107634,136.95120000193128,0.17499999739811756,8.007499996892875,145.496599998296
302,0.11639999866019934,156.98949999932665,0.3412000005482696,13.465500000165775,171.3262000012037
303,0.11950000043725595,146.32830000118702,0.5305999984557275,27.851900002133334,175.1500999998825
304,0.12710000009974465,236.1507999994501,0.29269999868120067,13.003600000956794,250.01219999830937
305,0.2840999986801762,146.3480000020354,0.3223999992769677,10.254499997245148,157.51889999955893
306,0.26810000053956173,151.4610000012908,0.26109999816981144,13.724000000365777,166.16729999805102
307,0.2629999980854336,132.08680000025197,0.296499998512445,13.70619999943301,146.80919999955222
308,0.2644000014697667,234.82499999954598,0.18210000052931719,9.295399999246001,244.77879999903962
309,0.12390000119921751,157.6798999994935,0.18629999976838008,10.400199997093296,168.63240000020596
310,0.29689999792026356,165.14630000165198,0.18980000095325522,9.648600000218721,175.52549999891198
311,0.2686000007088296,159.3124999999418,0.3055000015592668,13.600799997220747,173.97110000092653
312,0.32439999995403923,241.84389999936684,0.33260000054724514,9.721900001750328,252.73089999973308
313,0.11950000043725595,170.89900000064517,0.207199998840224,10.459000000992091,182.2561000008136
314,0.5383999996411148,161.00559999904362,0.314499997330131,15.0272999999288,177.3719999982859
315,0.2684999999473803,151.58209999935934,0.16279999908874743,7.625399997778004,159.8228000002564
316,0.12480000077630393,256.0534000003827,0.18009999985224567,15.001600000687176,271.8252999984543
317,0.27860000045620836,171.41830000036862,0.30479999986710027,14.20960000177729,186.66559999837773
318,0.12369999967631884,157.4240000009013,0.4831000005651731,14.445200002228376,173.0758000012429
319,0.21680000281776302,164.77859999940847,0.2563999987614807,12.85479999933159,178.49349999960396
320,0.36159999945084564,210.50019999893266,0.1818999990064185,8.014000002731336,219.31100000074366
321,0.11539999832166359,130.52129999778117,0.17210000078193843,8.174899998266483,139.2511000012746
322,0.12739999874611385,141.788799999631,0.4673000003094785,8.295499999803724,151.22019999762415
323,0.11940000331378542,148.21959999972023,0.5359999995562248,11.29639999999199,160.6298999977298
324,0.2913999996962957,218.18809999967925,0.4797000001417473,10.993200001394143,230.6427999974403
325,0.30649999825982377,135.9509000030812,0.3006000006280374,15.430200000992045,152.44439999878523
326,0.2967000000353437,142.55879999836907,0.3173000004608184,14.65259999895352,158.3476999985578
327,0.2733000001171604,172.1192000004521,0.3249000001233071,12.807800001610303,186.0372000010102
328,0.1145999995060265,227.34130000026198,0.15870000061113387,8.483599998726277,236.4824000032968
329,0.1173999989987351,130.76460000229417,0.30469999910565093,12.992700001632329,144.6500999991258
330,0.17360000128974207,152.53159999701893,0.17120000120485201,10.169600001972867,163.23600000032457
331,0.12819999756175093,153.03239999775542,0.3968999990320299,10.363400000642287,164.45029999886174
332,0.10720000136643648,218.07759999865084,0.4322000022511929,10.4496999992989,229.6000999995158
333,0.12760000026901253,150.98009999928763,0.34899999809567817,11.411399998905836,163.27679999812972
334,0.23779999901307747,139.6031000003859,0.4664999978558626,13.975300000311108,154.49459999945248
335,0.2709000000322703,220.3534000000218,0.221800000872463,7.683700001507532,228.83490000094753
336,0.13380000018514693,107.35360000035143,0.3420000030018855,9.447499996895203,117.77529999744729
337,0.11110000195913017,146.49099999951432,0.1846999984991271,8.211600001232,155.2406000009796
338,0.11939999967580661,144.09799999702955,0.15559999883407727,8.043699999689125,152.626600000076
339,0.28790000214939937,215.1862999999139,0.19020000036107376,11.260099996434292,227.16900000159512
340,0.17909999951370992,121.10590000156662,0.15259999781847,9.137199998804135,130.78970000060508
341,0.3479000006336719,128.83969999893452,0.3265000013925601,12.524400000984315,142.53540000208886
342,0.12440000136848539,122.25350000153412,0.17800000205170363,9.302499998739222,132.03039999643806
343,0.11830000221380033,240.47020000216435,0.24279999706777744,12.513300000136951,253.73389999731444
344,0.11589999849093147,132.71119999990333,0.20080000103916973,8.518299997376744,141.75299999988056
345,0.1539999975648243,132.55630000276142,0.18950000230688602,7.503500000893837,140.65389999814215
346,0.12309999874560162,113.16770000121323,0.17049999951268546,7.563099999970291,121.20910000157892
347,0.10709999696700834,182.16340000071796,0.1785000022209715,7.836099997803103,190.48580000162474
348,0.12340000102994964,109.92760000226554,0.1616000008652918,10.404500000731787,120.81210000178544
349,0.18629999976838008,113.39520000183256,0.19720000273082405,7.738199998129858,121.75280000155908
350,0.21980000019539148,115.36830000113696,0.221800000872463,10.72099999873899,126.76250000004075
351,0.3045999983442016,227.41820000010193,0.19520000205375254,8.7561000000278,236.85659999682684
352,0.15169999824138358,122.51899999682792,0.1714000027277507,8.346199996594805,131.41169999653357
353,0.35340000249561854,115.97420000180136,0.1604999997653067,8.861099999194266,125.54439999803435
354,0.170899998920504,162.13799999968614,0.1736999984132126,13.148800000635674,175.8613999991212
355,0.34980000054929405,234.87049999675946,0.45510000200010836,12.500799999543233,248.75059999976656
356,0.11480000102892518,153.02879999944707,0.46069999734754674,10.39919999675476,164.19809999933932
357,0.3420000030018855,147.90170000196667,0.2403999969828874,8.84300000325311,157.81319999950938
358,0.10440000187372789,135.78200000119978,0.38979999953880906,14.204499999323161,151.14140000150655
359,0.15150000035646372,262.998800000787,0.1787999972293619,10.070699998323107,273.6503999985871
360,0.19500000053085387,128.59229999958188,0.18510000154492445,7.703299997956492,136.87299999946845
361,0.1267000006919261,153.90660000048229,0.1702999979897868,13.564000000769738,167.94250000020838
362,0.2899999999499414,163.95639999973355,0.18950000230688602,9.049100000993349,173.673700002837
363,0.11950000043725595,212.73440000004484,0.2080000012938399,7.87809999746969,221.17570000045816
364,0.11419999646022916,109.50940000111586,0.19710000196937472,7.673699998122174,117.73410000023432
365,0.12739999874611385,110.54210000293097,0.21659999765688553,7.72789999973611,118.8320000001113
366,0.12829999832320027,148.11869999903138,0.36550000004353933,9.502099997916957,158.57239999968442
367,0.32559999817749485,221.5628000012657,0.20810000205528922,9.570599999278784,231.90449999674456
368,0.3895999980159104,149.13309999974445,0.17149999985122122,8.172000001650304,158.04399999979069
369,0.11920000179088674,151.4695000005304,0.1709000025584828,8.218599999963772,160.18389999953797
370,0.19120000069960952,155.25139999954263,0.43759999971371144,9.37559999874793,165.7102000026498
371,0.2706000013859011,233.86930000197026,0.1736999984132126,8.217899998271605,242.72199999904842
372,0.10409999958937988,133.62419999975828,0.13330000001587905,8.387100002437364,142.4323999999615
373,0.2730999985942617,142.90880000044126,0.27380000028642826,12.219299998832867,155.95050000047195
374,0.1289000028918963,234.92679999981192,0.31989999843062833,14.131799998722272,249.9011999971117
375,0.2899999999499414,155.03959999841754,0.3188999980920926,8.884700000635348,165.01190000053612
376,0.13690000196220353,189.817899998161,0.3104999996139668,8.324899998115143,199.17780000105267
377,0.1157000006060116,149.3802000004507,0.41929999861167744,8.283799998025643,158.3771000005072
378,0.11980000272160396,227.7360999978555,0.3120000001217704,10.956400001305155,239.49830000128713
379,0.20629999926313758,167.6262000000861,0.15440000061062165,11.173800001415657,179.3550000002142
380,0.5789999995613471,170.96959999980754,0.1685999995970633,10.89750000028289,182.8538000008848
381,0.35969999953522347,150.05469999960042,0.4261999965819996,14.765000003535533,166.08389999964857
382,0.14560000272467732,226.17840000020806,0.15839999832678586,12.220199998409953,238.89580000104615
383,0.12700000297627412,184.12510000052862,0.36550000004353933,8.520600000338163,193.59459999759565
384,0.13130000297678635,173.84819999642787,0.3442999986873474,12.807799997972324,187.58019999950193
385,0.12290000086068176,152.97360000113258,0.34049999885610305,15.33449999988079,169.28230000121403
386,0.26620000062393956,245.48399999912363,0.3157999999530148,9.10940000176197,255.6531999980507
387,0.11550000272109173,180.70779999834485,0.3355000008014031,11.84590000048047,193.45240000257036
388,0.2555999999458436,173.97319999872707,0.15530000018770806,8.46109999838518,183.03029999879072
389,0.2772999978333246,140.78109999900335,0.2612999996927101,8.73689999934868,150.43789999981527
390,0.19049999900744297,231.06620000180556,0.2220999995188322,9.107499998208368,241.04590000206372
391,0.10720000136643648,160.6130000000121,0.3259999975853134,9.897200001432793,171.42849999800092
392,0.3034999972442165,170.6183999995119,0.19899999824701808,13.118800001393538,184.4517999998061
393,0.131200002215337,133.42090000151074,0.14929999815649353,7.272899998497451,141.17869999972754
394,0.12789999891538173,218.54000000166707,0.32590000046184286,15.086999999766704,234.55550000289804
395,0.2676999974937644,141.3472999993246,0.42979999852832407,15.056099997309502,157.5994000013452
396,0.12299999798415229,159.34270000070683,0.2595999976620078,10.733399998571258,170.82989999835263
397,0.38830000266898423,151.6105000009702,0.1880999989225529,15.971799999533687,168.4084000007715
398,0.243499998759944,237.57380000097328,0.17810000281315297,11.114200002339203,249.32560000161175
399,0.2705999977479223,143.55109999814886,0.3255000010540243,11.033099999622209,155.73890000086976
400,0.23190000138129108,151.1409000013373,0.18279999858350493,10.768600001028972,162.5218999979552
401,0.3538999990269076,162.70280000026105,0.15419999908772297,11.801600001490442,175.19650000031106
402,0.26819999766303226,267.85519999975804,0.18929999714600854,7.7685999967798125,276.31669999755104
403,0.2721999990171753,129.76800000251387,0.17870000010589138,12.117300000682008,142.59120000133407
404,0.10420000035082921,143.45010000033653,0.46920000022510067,9.930599997460376,155.03560000070138
405,0.11610000001383014,143.8678999984404,0.3042999996978324,12.685699999565259,157.4319999999716
406,0.28810000003431924,272.2031999983301,0.1587999977346044,10.868899997149128,283.7327000015648
407,0.12309999874560162,152.72159999949508,0.2182000025641173,14.958600000682054,168.19089999989956
408,0.2706000013859011,149.4635000017297,0.423699999373639,12.581799997860799,163.3685000015248
409,0.3099999994446989,152.85260000018752,0.36579999868990853,10.942199998680735,164.79619999881834
410,0.2294000005349517,220.2385000018694,0.16659999891999178,13.095599999360275,233.91589999664575
411,0.10440000187372789,152.6917000010144,0.30170000172802247,10.788100000354461,164.3718000013905
412,0.325400000292575,135.0297999997565,0.3173000004608184,8.773999998084037,144.88649999839254
413,0.31209999724524096,227.32190000169794,0.1652000028116163,11.762499998440035,239.78540000098292
414,0.30450000122073106,157.70400000110385,0.31969999690772966,8.220299998356495,166.72640000251704
415,0.11799999992945231,147.67699999720207,0.14519999967887998,9.273399999074172,157.61980000024778
416,0.1145999995060265,130.01670000085142,0.5244999993010424,12.358099997072713,143.56079999924987
417,0.314799999614479,207.06019999852288,0.12029999925289303,8.724100000108592,216.41860000090674
418,0.2676999974937644,124.82430000090972,0.39789999937056564,11.002399998687906,136.84619999912684
419,0.2682999984244816,155.0100000022212,0.2052000018011313,12.415599998348625,168.09719999946537
420,0.5287999993015546,165.3688999977021,0.35120000029564835,12.009300000499934,178.93659999754163
421,0.2686000007088296,242.4527000002854,0.15189999976428226,8.547399997041794,251.61060000027646
422,0.3951999970013276,133.60929999907967,0.2134000023943372,8.196200000384124,142.67130000007455
423,0.12339999739197083,132.3128000003635,0.18940000154543668,14.394099998753518,147.5501000022632
424,0.17419999858248048,173.0954999984533,0.22729999909643084,10.709300000598887,184.50529999972787
425,0.16549999782000668,220.81720000278438,0.17309999748249538,7.51490000038757,228.8939999998547
426,0.1325999983237125,127.06430000253022,0.1702999979897868,13.982700002088677,141.57690000138246
427,0.12340000102994964,142.43609999903128,0.17250000018975697,8.743400001549162,151.6540000011446
428,0.1329000006080605,139.2316999990726,0.15720000010333024,12.211400000524009,152.05219999916153
429,0.22030000036465935,234.01770000054967,0.4613999990397133,11.45629999882658,246.5102999994997
430,0.5853000002389308,151.04599999904167,0.2905000001192093,14.181300000927877,166.57889999987674
431,0.29599999834317714,155.719999998837,0.31089999902178533,13.933599999290891,170.73920000257203
432,0.26900000011664815,131.9005000004836,0.18970000019180588,7.980900001712143,140.57189999948605
433,0.12119999882997945,213.85190000000875,0.2921999985119328,11.585699998249765,226.32739999971818
434,0.11269999959040433,153.10049999970943,0.3559000033419579,13.282099997013574,167.34809999979916
435,0.27939999927184545,124.13530000048922,0.15460000213352032,8.177699997759191,132.9360000017914
436,0.11939999967580661,125.15859999984968,0.12830000196117908,10.380100000475068,135.97329999902286
437,0.44889999844599515,195.13730000107898,0.17160000061267056,13.136000001395587,209.1199000024062
438,0.10800000018207356,137.15959999899496,0.3791999988607131,11.471099998743739,149.7534000009182
439,0.1889000013761688,144.1582000006747,0.28449999808799475,14.931900001101894,160.025900000619
440,0.5224000015005004,137.17890000043553,0.1464000015403144,10.38689999768394,148.54539999942062
441,0.22739999985788018,205.5276999999478,0.5361000003176741,10.852600000362145,217.7451999996265
442,0.11950000043725595,146.5013999986695,0.3031999985978473,13.233399997261586,160.6394000009459
443,0.26309999884688295,170.9363999980269,0.1785000022209715,8.954299999459181,180.61049999960233
444,0.10029999975813553,161.45219999816618,0.4394000025058631,8.423100000072736,170.8303999985219
445,0.1230000016221311,208.92100000128266,0.3190000024915207,11.5096999979869,221.37089999887394
446,0.3316000002087094,154.3335999995179,0.17409999782103114,13.205100000050152,168.26769999897806
447,0.2725000013015233,136.705200002325,0.3178000006300863,13.155500000721077,150.90210000198567
448,0.10769999789772555,142.73809999940568,0.29880000147386454,11.299499998131068,154.89420000085374
449,0.1427000024705194,198.96969999899738,0.1714000027277507,8.90129999970668,208.39279999927385
450,0.19940000129281543,147.80679999967106,0.31849999868427403,14.132899999822257,162.99000000071828
451,0.2877000006265007,143.32329999888316,0.1871999993454665,11.269099999481114,155.30789999684202
452,0.12769999739248306,205.48240000061924,0.4450000014912803,10.073699999338714,216.54489999855286
453,0.12419999984558672,126.80340000224533,0.1899999988381751,9.569699999701697,137.0158999998239
454,0.12570000035339035,147.16820000103326,0.32139999893843196,14.503700000204844,162.5886999972863
455,0.2581999979156535,140.4989000002388,0.4713000016636215,8.360899999388494,149.8807999996643
456,0.11079999967478216,220.70689999964088,0.3401000030862633,8.935800000472227,230.57849999895552
457,0.12870000136899762,151.54719999918598,0.19939999765483662,9.091199997783406,161.48429999884684
458,0.11550000272109173,150.08449999731965,0.161899999511661,11.421299997891765,161.96320000017295
459,0.28790000214939937,145.96469999742112,0.3862999983539339,14.165399999910733,161.4932000011322
460,0.42190000021946616,256.73599999936414,0.18800000179908238,12.885600001027342,270.4556999997294
461,0.11069999891333282,148.85549999962677,0.29709999944316223,11.946500002522953,161.71110000141198
462,0.2798999994411133,150.80089999901247,0.17300000035902485,8.729900000616908,160.1888000004692
463,0.20369999765534885,145.22199999919394,0.3088000012212433,12.270299997908296,158.4779000004346
464,0.1297999988310039,235.90189999958966,0.2886000002035871,10.151300000870833,246.9267000014952
465,0.19070000053034164,168.4560000030615,0.17180000213556923,8.213100001739804,177.22689999936847
466,0.2795000000332948,138.9963000001444,0.19239999892306514,7.913699999335222,147.602500001085
467,0.33090000215452164,136.67140000325162,0.35650000063469633,8.669900002132636,146.28390000143554
468,0.1295000001846347,218.44480000072508,0.15619999976479448,9.630000000470318,228.5401000008278
469,0.12260000221431255,134.06590000158758,0.5029999992984813,7.657999998627929,142.59170000150334
470,0.17179999849759042,127.5034999998752,0.17839999782154337,14.245599999412661,142.30270000189194
471,0.2767999976640567,133.916800001316,0.3471000018180348,10.243699998682132,145.20339999944554
472,0.3125000002910383,213.3287999968161,0.1871999993454665,7.791399999405257,221.8183000004501
473,0.11860000086016953,143.7781000022369,0.17239999942830764,7.335299997066613,151.57759999783593
474,0.11959999756072648,148.02760000020498,0.18069999714498408,8.132300001307158,156.66820000114967
475,0.3274000009696465,130.92110000070534,0.37030000021331944,9.020600002259016,141.22839999981807
476,0.12849999984609894,238.3345999987796,0.2272000019729603,13.467699998727767,252.49560000156634
477,0.1201999984914437,142.56200000090757,0.31259999741450883,9.115900000324473,152.28770000248915
478,0.1188000023830682,142.896400000609,0.16109999705804512,10.070299998915289,153.4276000020327
479,0.14899999951012433,143.3154000005743,0.34079999750247225,14.41990000239457,158.69930000189925
480,0.42889999895123765,235.8061999984784,0.19260000044596381,8.83590000012191,245.48850000064704
481,0.4769000006490387,144.7589000017615,0.4409000030136667,13.594200001534773,159.95979999934207
482,0.4362999970908277,157.16919999977108,0.1630000006116461,8.785999998508487,166.77290000006906
483,0.33040000198525377,144.21900000161259,0.3561999983503483,14.721100000315346,160.12580000096932
484,0.2578999992692843,216.82000000146218,0.26559999969322234,10.47169999947073,228.23050000079093
485,0.1885999990918208,159.05920000295737,0.3847999978461303,9.664500001235865,169.7850999989896
486,0.11719999747583643,124.44569999934174,0.2043999993475154,8.578600001783343,133.59889999992447
487,0.11069999891333282,130.42549999954645,0.18120000095223077,9.136100001342129,140.3226000002178
488,0.11770000128308311,199.054900000192,0.17719999959808774,8.997799999633571,208.5694000015792
489,0.12700000297627412,145.86880000206293,0.2550999997765757,9.437600001547253,155.9756999995443
490,0.16700000196578912,120.96899999960442,0.14840000221738592,8.063299999776063,129.5468999996956
491,0.5013999980292283,224.45979999974952,0.3057999965676572,8.546800003387034,234.232200000406
492,0.11719999747583643,144.19639999687206,0.18399999680696055,8.031699999264674,152.76820000144653
493,0.11509999967529438,120.17650000052527,0.38889999996172264,8.76339999740594,129.85219999973197
494,0.12390000119921751,124.69300000157091,0.16229999891947955,7.761000000755303,132.9382000003534
495,0.12090000018361025,191.8562999999267,0.17239999942830764,9.970800001610769,202.32819999728235
496,0.2629999980854336,121.73360000087996,0.16800000230432488,8.243500000389758,130.6386999967799
497,0.12480000077630393,120.19999999756692,0.152900000102818,9.148900000582216,129.7993000007409
498,0.2645999993546866,139.4533999991836,0.4368999980215449,9.546899997076252,149.89300000161165
499,0.37150000207475387,204.82740000079502,0.17860000298242085,8.042000001296401,213.64860000176122
500,0.17350000052829273,131.7975000019942,0.31630000012228265,8.997599998110672,141.73729999674833
501,0.1650000012887176,114.50349999722675,0.1765000015439,8.912899997085333,123.99540000114939
502,0.13330000001587905,129.28549999924144,0.15870000061113387,8.776499998930376,138.541799999075
503,0.2693999995244667,220.16880000228412,0.3144000002066605,8.761100001720479,229.98100000040722
504,0.4270999997970648,165.27080000014394,0.2798000023176428,11.07399999818881,177.5530000013532
505,0.16940000205067918,141.5233999978227,0.16710000272723846,10.501000000658678,152.5829000020167
506,0.10829999882844277,154.69490000032238,0.14910000027157366,10.078400002385024,165.22819999954663
507,0.1083999995898921,209.68559999892022,0.3768999995372724,12.827000002289424,223.45060000225203
508,0.11159999849041924,145.59149999695364,0.17700000171316788,8.502399999997579,154.81540000109817
509,0.11529999756021425,122.96670000068843,0.4899000014120247,10.30449999962002,134.08830000116723
510,0.43480000022100285,156.1056999998982,0.1809999994293321,9.412000003067078,166.36940000171307
511,0.28700000257231295,245.87580000297748,0.16659999891999178,8.047200000874,254.61709999945015
512,0.11770000128308311,158.50099999806844,0.17289999959757552,8.262200000899611,167.2696999994514
513,0.12119999882997945,158.47779999967315,0.3051999992749188,12.61259999955655,172.11850000239792
514,0.19890000112354755,168.60910000104923,0.2536000029067509,13.08479999715928,182.52519999805372
515,0.2916000012191944,234.36690000016824,0.34980000054929405,10.583799998130416,246.1154999982682
516,0.11449999874457717,132.85919999907492,0.1905999997688923,8.44879999931436,142.13890000246465
517,0.11799999992945231,142.54330000039772,0.5234999989625067,12.342800000624266,155.70049999951152
518,0.19309999697725289,138.07190000079572,0.4292999983590562,10.901899997406872,149.98280000145314
519,0.11939999967580661,199.6824000016204,0.18500000078347512,8.492900000419468,208.6717000020144
520,0.18739999723038636,136.003299998265,0.15639999764971435,8.856899999955203,145.3719999990426
521,0.29010000071139075,143.34729999973206,0.15899999925750308,14.116199999989476,158.1192000012379
522,0.12309999874560162,130.81460000103107,0.596199999563396,10.136699998838594,142.17680000001565
523,0.18079999790643342,219.31789999871398,0.3770000002987217,8.684200001880527,228.8429999971413
524,0.32270000156131573,135.0313000002643,0.15460000213352032,8.270600003015716,144.0751000009186
525,0.1201999984914437,129.3623999990814,0.31970000054570846,8.242100000643404,138.2506000009016
526,0.10180000026593916,129.19440000041504,0.500300000567222,8.166800002072705,138.1851000005554
527,0.11029999950551428,183.6498999982723,0.31970000054570846,8.790699997916818,193.2846999989124
528,0.1201999984914437,127.6505999994697,0.1644000003580004,10.102500000357395,138.24539999768604
529,0.36980000004405156,127.19579999975394,0.16990000221994705,9.12379999863333,137.10849999915808
530,0.3609000013966579,211.3731999997981,0.15699999858043157,9.28109999949811,221.3690000025963
531,0.11689999882946722,123.74529999942752,0.16770000001997687,8.368200000404613,132.6022000030207
532,0.2440999996906612,134.39070000094944,0.3663000024971552,8.072099997662008,143.31890000175918
533,0.10260000271955505,125.27630000113277,0.17669999942881986,10.886500000196975,136.66980000198237
534,0.10800000018207356,204.57139999780338,0.167500002135057,12.701799998467322,217.7692000004754
535,0.1235999989148695,126.66109999918262,0.2825999981723726,11.780100001487881,139.3724999979895
536,0.12199999764561653,135.32519999716897,0.5051000007370021,13.90009999886388,150.59490000203368
537,0.13420000323094428,153.67970000079367,0.3049000006285496,14.850100000330713,169.4470000002184
538,0.15799999891896732,266.26970000143046,0.3333999993628822,8.379200000490528,275.64060000077006
539,0.1114999977289699,145.88000000003376,0.3117000014754012,9.09250000040629,155.8571000023221
540,0.4549000004772097,152.13279999807128,0.14119999832473695,10.445300002174918,163.38429999814252
541,0.1128999974753242,149.67479999904754,0.21040000137872994,19.719799998711096,170.28650000065682
542,0.27039999986300245,234.7066000002087,0.15329999951063655,10.17150000188849,245.50230000022566
543,0.1140000022132881,147.01979999881587,0.307400001474889,11.95240000015474,159.85900000305264
544,0.2096999996865634,153.16539999912493,0.18030000137514435,9.221100001013838,163.04740000123275
545,0.15450000137207098,162.49149999930523,0.25489999825367704,10.558800000580959,174.28149999977904
546,0.35059999936493114,246.50210000254447,0.18360000103712082,11.805699999968056,259.093099997699
547,0.39150000156951137,151.62409999902593,0.3790000009757932,9.303800001362106,162.1195000006992
548,0.13069999840809032,163.53030000027502,0.31179999859887175,9.744400002091425,174.041499998566
549,0.14390000069397502,154.16080000068177,0.14459999874816276,7.997500000783475,162.65649999695597
550,0.5382999988796655,234.83679999844753,0.3741000000445638,11.336399998981506,247.6280000009865
551,0.28329999986453913,169.32050000104937,0.4011999990325421,11.652900000626687,182.10040000121808
552,0.29380000341916457,150.30920000208425,0.29880000147386454,15.024599997559562,166.38339999917662
553,0.2782000010483898,162.55789999922854,0.15749999874969944,8.476200000586687,171.65879999811295
554,0.12100000094505958,214.03260000079172,0.3297000002930872,13.299699996423442,228.2398999996076
555,0.10629999815137126,129.76540000090608,0.29210000138846226,8.878099997673417,139.3171000017901
556,0.10450000263517722,143.90439999988303,0.5357999980333261,15.885200002230704,161.13399999812827
557,0.2630000017234124,147.9505000024801,0.3541000005498063,14.581200000975514,163.51980000035837
558,0.11160000212839805,216.59920000092825,0.3209000024071429,11.19960000141873,228.70739999780199
559,0.17740000112098642,138.0345999968995,0.34870000308728777,14.521599998261081,153.5041999995883
560,0.17860000298242085,143.59569999942323,0.558299998374423,8.536399996955879,153.35739999864018
561,0.12620000052265823,139.1342999995686,0.17040000238921493,14.742799998202827,154.38450000146986
562,0.1536999989184551,245.2285999970627,0.3682000024127774,8.669500002724817,254.82750000082888
563,0.1053000014508143,132.41910000215285,0.1644000003580004,8.128499997837935,140.98329999978887
564,0.12369999967631884,117.85100000270177,0.16940000205067918,8.344199999555713,126.68409999969299
565,0.11850000009872019,117.63699999937671,0.1551000023027882,13.220400000136578,131.31309999880614
566,0.1260999997612089,200.46350000120583,0.15549999807262793,12.018700002954574,212.96219999931054
567,0.12280000009923242,178.86320000252454,0.32450000071548857,10.960999999952037,190.73710000157007
568,0.3639999995357357,146.1749999980384,0.4293999991205055,9.844399999565212,157.3022000011406
569,0.12299999798415229,214.65290000196546,0.1807000007829629,7.799699997121934,222.97790000084206
570,0.16569999934290536,145.14979999876232,0.1602000011189375,11.137299999973038,156.81910000057542
571,0.10829999882844277,146.95270000083838,0.3054000007978175,8.968599999207072,156.9378999993205
572,0.1171000003523659,129.21079999796348,0.1562000034027733,8.410899998125387,138.07099999758066
573,0.3753000019059982,212.85599999828264,0.17970000044442713,8.01819999833242,221.63039999941248
574,0.13300000136950985,165.34949999913806,0.1841000012063887,13.277000001835404,179.18199999985518
575,0.11580000136746094,156.00740000081714,0.4168999985267874,9.145100000750972,166.14669999762555
576,0.10769999789772555,132.93630000043777,0.1737000020511914,7.878000000346219,141.3180999988981
577,0.11589999849093147,198.2592000022123,0.15619999976479448,8.544599997549085,207.24559999871417
578,0.1263999984075781,142.87809999950696,0.20910000239382498,7.91899999967427,151.4926000018022
579,0.11899999663000926,138.8451000020723,0.167199999850709,7.997699998668395,147.2981000006257
580,0.1914000022225082,136.40670000313548,0.37460000021383166,13.654999998834683,151.1647000006633
581,0.11590000212891027,208.74660000117728,0.1646999990043696,8.274199997686082,217.52910000213888
582,0.11920000179088674,117.3890999998548,0.1669000012043398,7.732199999736622,125.61300000015763
583,0.11649999942164868,122.42429999969318,0.32310000096913427,11.278599999059225,134.426299999177
584,0.276099999609869,161.1656999994011,0.3136000013910234,11.782499997934792,174.00500000076136
585,0.22680000256514177,214.32020000065677,0.34860000232583843,7.436899999447633,222.76269999929355
586,0.17719999959808774,142.1528999999282,0.17800000205170363,8.683899999596179,151.41059999950812
587,0.3192000003764406,143.70440000129747,0.1832999987527728,12.219799999002134,156.6445999997086
588,0.27490000138641335,152.6633000030415,0.3055000015592668,11.048099997424288,164.76659999898402
589,0.38270000004558824,221.97919999962323,0.1556999995955266,9.675900000729598,232.36629999883007
590,0.4822999981115572,140.764499999932,0.3269000008003786,8.735600000363775,150.73489999849699
591,0.13019999823882245,151.13500000006752,0.1726000009512063,8.905499998945743,160.554800000682
592,0.12319999950705096,199.17390000045998,0.179899998329347,14.437999998335727,214.11210000223946
593,0.2193000000261236,241.67960000340827,0.4808000012417324,14.950799999496667,257.84030000068014
594,0.28029999884893186,165.3595999996469,0.3452000019024126,12.75549999991199,179.2209000013827
595,0.13440000111586414,126.4898000008543,0.170899998920504,7.577399999718182,134.5856999978423
596,0.11889999950653873,141.74959999945713,0.34330000198679045,8.348100000148406,151.11550000074203
597,0.10380000094301067,242.0574999996461,0.21769999875687063,11.970499999733875,254.58250000156113
598,0.3006000006280374,182.58739999873796,0.30340000012074597,12.266099998669233,195.91229999787174
599,0.23379999765893444,172.28660000182572,0.39670000114711,15.889099999185419,189.17829999918467
600,0.33629999961704016,220.12109999923268,0.3251999987696763,14.935100000002421,236.00580000129412
601,0.1396000006934628,342.2083000004932,0.48939999760477804,14.629899997089524,357.8403999999864
602,0.3012000015587546,195.2467000010074,0.29129999893484637,12.233500001457287,208.46130000063567
603,0.2883000015572179,161.70720000081928,0.2204000011261087,9.393100001034327,171.91380000076606
604,0.13269999908516183,120.60939999719267,0.21969999943394214,9.151400001428556,130.30760000037844
605,0.23890000011306256,270.85799999986193,0.3099999994446989,17.550299999129493,289.21450000052573
606,0.3575000009732321,197.2200000018347,0.4163999983575195,15.092900001036469,213.77279999796883
607,0.22879999960423447,203.99010000255657,0.2808999997796491,13.90700000047218,218.61030000218307
608,0.2074999974865932,235.9175999990839,0.18940000154543668,13.782599999103695,250.30600000172853
609,0.11439999798312783,193.182800001523,0.727099999494385,19.993399997474626,214.92099999886705
610,0.7064999990689103,225.59849999743165,0.24619999749120325,14.222199999494478,241.0052999985055
611,0.30130000232020393,204.63679999738815,0.25269999969168566,15.76250000289292,221.31649999937508
612,0.3404000017326325,277.4958999980299,0.4923999986203853,12.519599997176556,291.5390000016487
613,0.49790000048233196,167.31580000123358,0.39010000182315707,14.405999998416519,183.26099999831058
614,0.20640000002458692,169.466299998021,0.44460000208346173,14.316400000097929,184.87259999892558
615,0.40640000224811956,154.2726000006951,0.22430000171880238,9.981899998820154,165.1199000007182
616,0.42490000123507343,223.31910000139032,0.361700000212295,8.649999999761349,233.19029999765917
617,0.10609999662847258,146.16839999871445,0.16820000018924475,8.706799999345094,155.36290000090958
618,0.36270000055083074,156.6120999996201,0.33379999877070077,14.18310000008205,172.08860000027926
619,0.21090000154799782,162.40900000047986,0.4360999992059078,13.470900001266273,177.02690000078292
620,0.5519999976968393,242.41389999951934,0.4507999983616173,12.94430000052671,257.0822000016051
621,0.5362000010791235,156.07870000167168,0.29429999995045364,12.495700000727084,169.9348000001919
622,0.1097999993362464,153.44890000051237,0.15079999866429716,10.554799999226816,164.48350000064238
623,0.10540000221226364,165.54370000085328,0.21629999901051633,8.086999998340616,174.16740000044229
624,0.296499998512445,250.9353999994346,0.2702999991015531,9.548200003337115,261.5038999974786
625,0.20339999900897965,123.01909999951022,0.15810000331839547,9.350200001790654,132.95560000187834
626,0.10599999950500205,152.2551999987627,0.25749999986146577,10.267800000292482,163.2564999999886
627,0.3436999977566302,130.91979999808245,0.14680000094813295,16.086300001916243,147.99180000045453
628,0.31800000215298496,190.7896000011533,0.28279999969527125,11.31119999990915,203.14890000008745
629,0.1053000014508143,129.17559999914374,0.44100000013713725,8.131399998092093,138.2296999981918
630,0.1678000007814262,134.9188000021968,0.16899999900488183,14.278399998147506,149.78709999923012
631,0.2856999999494292,143.00899999943795,0.4589000018313527,9.306199997809017,153.27649999744608
632,0.3741000000445638,226.83300000062445,0.17289999959757552,11.761400000978028,239.33839999881457
633,0.10590000238153152,152.26450000045588,0.31010000020614825,12.724600001092767,165.87719999733963
634,0.2316999998583924,153.8749999999709,0.2007000002777204,8.737699998164317,163.29929999847081
635,0.12570000035339035,135.39079999827663,0.1720000000204891,8.469100001093466,144.35669999875245
636,0.16759999925852753,237.52179999792133,0.3180999992764555,12.336300002061762,250.80290000187233
637,0.2886000002035871,133.02649999968708,0.14930000179447234,14.28690000102506,147.98370000062278
638,0.258400003076531,158.16130000166595,0.17149999985122122,9.355299996968824,168.1614000008267
639,0.225800002226606,143.11950000046636,0.13279999984661117,10.01650000034715,153.67029999833903
640,0.2505000011296943,234.29229999965173,0.40470000021741726,11.429999998654239,246.880599999713
641,0.11860000086016953,139.63839999996708,0.42499999835854396,9.293700000853278,149.9694999984058
642,0.12760000026901253,127.94750000102795,0.3304999991087243,8.724599996639881,137.55220000166446
643,0.11169999925186858,140.24290000088513,0.17999999909079634,11.465200001111953,152.17249999841442
644,0.4592000004777219,255.0719000028039,0.46940000174799934,9.56159999986994,266.0187000001315
645,0.1221999991685152,159.57889999845065,0.20089999816264026,8.713200000784127,168.8415000025998
646,0.1230000016221311,175.8585999996285,0.7504999994125683,18.44320000236621,195.58870000037132
647,0.2876999969885219,242.1333999991475,0.15169999824138358,11.669899999105837,254.5901999983471
648,0.12140000035287812,123.48150000252645,0.19690000044647604,9.250499999325257,133.54059999983292
649,0.12860000060754828,157.36829999877955,0.16759999925852753,11.500200002046768,169.38529999970342
650,0.2565000031609088,147.6615000028687,0.20790000053239055,8.33999999667867,156.68790000199806
651,0.33940000139409676,232.58160000114003,0.3187000002071727,12.619500001164852,246.40740000177175
652,0.10690000272006728,141.82359999904293,0.30930000139051117,11.242200002016034,153.9505000000645
653,0.12630000128410757,125.59959999998682,0.20310000036261044,11.250200001086341,137.38350000130595
654,0.16400000095018186,163.37450000355602,0.32500000088475645,16.421800002717646,180.81739999979618
655,0.11159999849041924,244.53250000078697,0.20230000154697336,10.49780000175815,255.5599000006623
656,0.26620000062393956,154.4315999999526,0.2739000010478776,9.062799999810522,164.43419999995967
657,0.298099999781698,144.59350000106497,0.12720000086119398,11.902899997949135,157.11300000111805
658,0.11649999942164868,131.53719999900204,0.5449000018415973,14.459799996984657,147.1453999984078
659,0.28079999901819974,229.78739999962272,0.15889999849605374,13.140800001565367,243.63020000237157
660,0.20429999858606607,138.59880000018165,0.4847999989578966,8.54059999983292,148.05059999707737
661,0.26280000020051375,136.63489999817102,0.14039999950909987,9.485899998253444,146.7250999994576
662,0.26760000037029386,154.38619999986258,0.16259999756584875,8.880199999111937,163.89559999879566
663,0.12559999959194101,228.27420000248821,0.4805000025953632,12.734700001601595,242.1083000008366
664,0.12269999933778308,151.32050000102026,0.19049999900744297,13.86810000258265,165.72339999765973
665,0.2803999996103812,145.4167999982019,0.17190000289701857,11.599999997997656,157.7343999997538
666,0.3120000001217704,131.22479999947245,0.307400001474889,8.665199999086326,140.8270000029006
667,0.1281000004382804,243.3801000006497,0.16840000171214342,8.043999998335494,251.92059999972116
668,0.1233000002685003,151.7469999998866,0.39820000165491365,12.937700001202757,165.66389999934472
669,0.10599999950500205,158.3476999985578,0.3862000012304634,11.51899999968009,170.69869999977527
670,0.6012999983795453,132.5156999992032,0.16950000281212851,8.542899999156361,142.02649999788264
671,0.12269999933778308,250.5648000005749,0.32479999936185777,12.321999998675892,263.7706999994407
672,0.25800000003073364,164.99320000002626,0.21329999799490906,12.883999999758089,178.58999999953085
673,0.2316999998583924,135.27139999860083,0.17020000086631626,10.135400003491668,146.03920000081416
674,0.11219999942113645,149.4660999996995,0.15949999942677096,10.521200001676334,160.6080000019574
675,0.112599998828955,262.7390000016021,0.3460000007180497,11.282300001766998,274.8405999991519
676,0.44969999726163223,148.6579000011261,0.31830000079935417,9.681200001068646,159.58599999794387
677,0.2982000005431473,190.27419999838457,0.17640000078245066,8.874900002410868,199.84169999952428
678,0.12209999840706587,131.119800000306,0.14820000069448724,8.17819999792846,140.1683999974921
679,0.26480000087758526,253.7112000027264,0.3121999980066903,13.693599998077843,268.5066000012739
680,0.37370000063674524,161.97560000000522,0.43870000081369653,11.791799999627983,175.261500000488
681,0.11349999840604141,132.71610000083456,0.39459999970858917,14.92839999991702,148.74589999817545
682,0.11580000136746094,145.11059999858844,0.5901000004087109,9.141400001681177,155.54160000101547
683,0.11889999950653873,213.93449999959557,0.31849999868427403,12.113400000089314,226.96189999987837
684,0.44770000022253953,172.89750000054482,0.402000001486158,7.7129999990575016,181.67370000082883
685,0.12200000128359534,143.99740000226302,0.16540000069653615,9.870599998976104,154.32760000112467
686,0.12069999866071157,245.5431000016688,0.4182999982731417,14.533599998685531,261.3866000028793
687,0.4168999985267874,145.4927000013413,0.16349999714293517,12.127000001783017,158.4411000003456
688,0.21699999706470408,143.58960000026855,0.3003999991051387,15.633200000593206,160.04310000062105
689,0.1111999990826007,146.2628000008408,0.25240000104531646,7.920399999420624,154.82479999991483
690,0.19519999841577373,208.07039999999688,0.2906000008806586,11.881899998115841,220.86899999703746
691,0.21289999858709052,127.36769999901298,0.1588000013725832,8.715399999346118,136.6837999994459
692,0.5710000004910398,155.69379999942612,0.38080000012996607,11.60879999952158,168.77319999912288
693,0.10710000060498714,158.6267000020598,0.40209999860962853,13.16699999733828,172.92540000198642
694,0.11390000145183876,252.00070000209962,0.20819999917875975,10.18589999875985,263.0341000003682
695,0.3969000026700087,124.6281000021554,0.3437999985180795,12.659199997870019,138.4686999990663
696,0.3977999986091163,137.09000000017113,0.15050000001792796,9.731599999213358,147.7822999986529
697,0.11330000052112155,136.31900000109454,0.3862999983539339,11.288200003036764,148.61399999790592
698,0.1221999991685152,238.83239999850048,0.5367999983718619,11.193999998795334,251.05540000004112
699,0.3450999975029845,168.77860000022338,0.37620000148308463,12.079700001777383,182.0891000024858
700,0.6343000022752676,160.92529999878025,0.21469999774126336,8.901700002752477,170.9335999985342
701,0.13029999900027178,147.68159999948693,0.3704000009747688,10.335300001315773,159.00060000058147
702,0.34410000080242753,237.6557000025059,0.34869999944930896,11.052900001232047,249.6783000024152
703,0.1281000004382804,153.2907000000705,0.1770999988366384,8.604999999079155,162.42520000014338
704,0.35660000139614567,149.08920000016224,0.22309999985736795,10.730800000601448,160.66950000094948
705,0.3412000005482696,157.37019999869517,0.16569999934290536,9.724200001073768,167.8131000007852
706,0.12870000136899762,225.385699999606,0.2027000009547919,10.212200002570171,236.15889999928186
707,0.10459999975864775,146.50970000002417,0.23349999901256524,10.13980000061565,157.17539999968722
708,0.4250999991199933,133.93189999987953,0.1733999997668434,9.541500003251713,144.2563999989943
709,0.10489999840501696,146.11019999938435,0.1550999986648094,10.956099999020807,157.53650000260677
710,0.4743999998026993,229.36079999999492,0.1931000006152317,11.2528999998176,241.5510999999242
711,0.3003999991051387,161.37350000281003,0.3722000001289416,9.676099998614518,171.95730000094045
712,0.15759999951114878,148.4154000027047,0.3271999994467478,15.412200002174359,164.74709999965853
713,0.15600000187987462,151.35599999848637,0.16490000052726828,8.890400000382215,160.76259999681497
714,0.12100000094505958,247.15179999839165,0.3744999994523823,8.59409999975469,256.67649999741116
715,0.25749999986146577,109.11630000191508,0.14820000069448724,7.053299999824958,116.83180000181892
716,0.11709999671438709,87.69530000063241,0.2920000006270129,7.021699999313569,95.4280000005383
717,0.11969999832217582,92.05279999878258,0.3719000014825724,8.421599999564933,101.57280000203173
718,0.21120000019436702,156.1848999990616,0.16759999925852753,6.436499999836087,163.26369999660528
719,0.11340000128257088,86.00970000043162,0.18679999993764795,6.231499999557855,92.76870000030613
720,0.185800003237091,84.69939999849885,0.1635999979043845,6.238900001335423,91.48100000311388
721,0.1154000019596424,85.05049999803305,0.14860000010230578,6.645499997830484,92.1673999982886
722,0.10279999696649611,147.20259999739937,0.14450000162469223,6.096999997680541,153.75249999851803
723,0.1145999995060265,87.41190000000643,0.15189999976428226,6.434800001443364,94.31190000032075
724,0.12090000018361025,85.336100000859,0.1635999979043845,6.1683999992965255,91.98380000088946
725,0.11700000322889537,163.179899998795,0.13919999764766544,6.138400000054389,169.75660000025528
726,0.11489999815239571,88.99060000112513,0.1396000006934628,7.1319000016956124,96.60539999822504
727,0.13129999933880754,88.24160000222037,0.14060000103199854,7.116100001439918,95.84030000041821
728,0.11910000102943741,91.34410000115167,0.24760000087553635,8.754399997997098,100.8159999983036
729,0.12060000153724104,154.2669999980717,0.14340000052470714,6.179700001666788,160.91079999750946
730,0.20790000053239055,87.8160000029311,0.14290000035543926,6.1810999977751635,94.55109999908018
731,0.13109999781590886,98.6618000024464,0.13659999967785552,6.188999999722,105.31070000070031
732,0.13699999908567406,88.62020000015036,0.14599999849451706,6.578599997737911,95.67949999836856
733,0.11190000077476725,148.99489999879734,0.1506000007793773,6.217500002094312,155.6815000003553
734,0.11799999992945231,89.12950000012643,0.17889999799081124,6.423000002541812,96.05139999985113
735,0.13480000052368268,90.1436999993166,0.16350000078091398,6.339200001093559,96.98240000216174
736,0.14250000094762072,88.68489999804297,0.19740000061574392,6.4525000016146805,95.7008000004862
737,0.11589999849093147,176.61629999929573,0.1626999983272981,6.828900000982685,183.9613999982248
738,0.11859999722219072,85.59279999826686,0.1412999990861863,6.204199999046978,92.25969999897643
739,0.11700000322889537,86.14459999807877,0.1432999997632578,6.336499998724321,92.93690000049537
740,0.15939999866532162,88.36000000155764,0.14699999883305281,6.31979999889154,95.17970000160858
741,0.11499999891384505,150.2796999993734,0.17070000103558414,6.313899997621775,157.0897999990848
742,0.11870000162161887,86.32029999716906,0.1644000003580004,6.271600002946798,93.07540000008885
743,0.11309999899822287,87.45460000136518,0.17040000238921493,6.279199998971308,94.25950000149896
744,0.11640000229817815,86.7355000009411,0.14960000044084154,6.2796999991405755,93.479600000137
745,0.11299999823677354,167.4472999984573,0.1413000027241651,6.331500000669621,174.23330000019632
746,0.11699999959091656,91.12180000010994,0.14660000306321308,6.208800001331838,97.83879999667988
747,0.11660000018309802,83.61079999667709,0.14320000263978727,6.153400001494447,90.21719999873312
748,0.11449999874457717,84.40970000083325,0.14430000010179356,9.629900003346847,94.49079999831156
749,0.12199999764561653,146.4979999982461,0.15409999832627364,7.284299997991184,154.24999999959255
750,0.1854999973147642,86.76859999832232,0.18509999790694565,6.296999999904074,93.64840000125696
751,0.11550000272109173,88.74719999948866,0.17270000171265565,6.288500000664499,95.55750000072294
752,0.11300000187475234,87.90959999896586,0.15829999756533653,6.78410000182339,95.21569999924395
753,0.12010000136797316,177.02310000095167,0.16250000044237822,6.2336000009963755,183.74279999989085
754,0.1173999989987351,88.51620000132243,0.2468999991833698,10.627300001942785,99.81379999953788
755,0.13899999976274557,88.26760000010836,0.14490000103251077,6.186699996760581,94.95199999946635
756,0.11559999984456226,113.9102000015555,0.16569999934290536,6.243499999982305,120.64459999965038
757,0.11209999865968712,175.32539999956498,0.1467000001866836,7.055900001432747,182.83140000130516
758,0.11699999959091656,86.83380000002217,0.15180000264081173,6.248300000152085,93.57710000040242
759,0.11479999739094637,87.24839999922551,0.14870000086375512,7.479700001567835,95.1710000008461
760,0.1748000031511765,85.25460000237217,0.15010000061010942,6.314300000667572,92.0890999987023
761,0.12239999705343507,145.36800000132644,0.16659999891999178,6.366999998135725,152.2722999980033
762,0.11670000094454736,121.93979999938165,0.1649999976507388,10.492500001419103,132.9398999987461
763,0.26900000011664815,88.31000000282074,0.16309999773511663,6.148899999971036,95.09729999990668
764,0.11780000204453245,149.23169999747188,0.14790000204811804,6.197999999130843,155.90399999928195
765,0.13140000010025688,85.00149999963469,0.15220000204863027,6.234799999219831,91.71640000204206
766,0.11670000094454736,90.96879999924568,0.15449999773409218,6.138899996585678,97.57360000003246
767,0.11239999730605632,88.04609999788227,0.14400000145542435,6.118400000559632,94.60530000069411
768,0.11399999857530929,144.3299999991723,0.17600000137463212,6.2556000011682045,151.07590000116033
769,0.11539999832166359,84.35169999938807,0.14960000044084154,6.187799997860566,91.03309999773046
770,0.18430000272928737,85.54130000266014,0.1650000012887176,7.343799999944167,93.43070000250009
771,0.11309999899822287,105.17040000195266,0.5041000003984664,13.997500002005836,120.54350000107661
772,0.16260000120382756,175.02869999952964,0.29409999842755497,13.291800001752563,189.27690000055009
773,0.1221999991685152,95.2363999967929,0.15580000035697594,5.961300001217751,101.6632999999274
774,0.11300000187475234,94.34669999973266,0.19470000188448466,7.348700000875397,102.21249999813153
775,0.12140000035287812,85.28799999839975,0.15720000010333024,7.468199997674674,93.22989999782294
776,0.1446999995096121,153.60580000196933,0.1762000028975308,6.259599998884369,160.4196000007505
777,0.11819999781437218,85.02529999896069,0.14000000010128133,6.1667999980272725,91.69540000220877
778,0.11509999967529438,86.0201000032248,0.14899999951012433,8.13949999792385,94.61540000120294
779,0.1260999997612089,96.4317999969353,0.18819999968400225,6.468600000516744,103.40179999911925
780,0.21610000112559646,155.4562999990594,0.1475000026402995,6.238600002689054,162.38119999979972
781,0.1173999989987351,85.47239999825251,0.1458000006095972,6.1997000011615455,92.1537000031094
782,0.11420000009820797,87.42759999950067,0.16460000188089907,6.250099999306258,94.18240000013611
783,0.11449999874457717,86.40430000014021,0.16070000128820539,6.619299998419592,93.51410000090254
784,0.11799999992945231,175.57640000086394,0.16010000035748817,6.0207999995327555,182.11189999783528
785,0.11930000255233608,86.50970000235247,0.15130000247154385,6.268899996939581,93.26069999951869
786,0.14060000103199854,90.55509999961942,0.26140000045415945,8.699699999851873,99.99280000192812
787,0.2789999998640269,87.69810000012512,0.19980000070063397,6.608699997741496,95.05420000277809
788,0.11349999840604141,156.61120000004303,0.3207000008842442,10.736100000940496,168.1285000013304
789,0.1391000005241949,123.22679999851971,0.15610000264132395,6.257300003198907,129.98779999907129
790,0.18629999976838008,85.12220000193338,0.15810000331839547,6.210399998963112,91.8850999987626
791,0.1157000006060116,86.09900000010384,0.1548000000184402,6.173100002342835,92.75590000106604
792,0.11280000035185367,164.47980000157258,0.1520000005257316,6.299900000158232,171.2435999979789
793,0.1143000008596573,128.80999999833875,0.1593000015418511,6.3319000000774395,135.60969999889494
794,0.11850000009872019,90.34859999883338,0.14000000010128133,8.162800000718562,98.96139999909792
795,0.12299999798415229,94.46130000287667,0.16649999815854244,6.507699999929173,101.5055999996548
796,0.1157000006060116,179.40180000005057,0.16659999891999178,11.413799998990726,191.2830999972357
797,0.12140000035287812,164.0296000005037,0.17040000238921493,7.766999999148538,172.29820000284235
798,0.10549999933573417,107.87310000159778,0.16289999985019676,6.722300000546966,115.0376999976288
799,0.10260000271955505,123.65240000144695,0.21889999698032625,9.377499998663552,133.59859999764012
800,0.26369999977760017,207.2837999985495,0.2362000013818033,9.37549999798648,217.5600000009581
801,0.1233000002685003,103.62049999821465,0.1841000012063887,6.235100001504179,110.38489999918966
802,0.10509999992791563,103.64589999880991,0.24560000019846484,8.273700001154793,112.68600000039442
803,0.19299999985378236,199.13369999994757,0.15609999900334515,9.304799998062663,208.98330000272836
804,0.13840000247000717,119.7013999990304,0.21280000146362,6.071599997085286,126.43079999907059
805,0.11639999866019934,104.67869999774848,0.23190000138129108,7.715800002188189,112.94080000152462
806,0.10789999942062423,107.6917999998841,0.13559999933931977,6.785900000977563,114.89220000294154
807,0.1202000021294225,173.53500000172062,0.32360000113840215,9.242600001016399,183.62880000131554
808,0.1331999992544297,98.64589999779128,0.19489999976940453,9.431500002392568,108.63959999915096
809,0.1326000019616913,139.06009999845992,0.1720000000204891,7.063100001687417,146.6571999990265
810,0.18590000036056153,120.27099999977509,0.167500002135057,6.305700000666548,127.0996000021114
811,0.10309999925084412,261.7484999973385,0.3722000001289416,12.961500000528758,275.6403000021237
812,0.2880000029108487,238.9088999989326,0.43899999946006574,15.002299998741364,254.91660000261618
813,0.1202000021294225,206.01439999882132,0.19210000027669594,6.596700000955025,213.13050000026124
814,0.12079999942216091,95.53179999784334,0.22420000095735304,8.27449999997043,104.35909999796422
815,0.10420000035082921,177.2436999999627,0.4028000003017951,8.959899998444598,187.09730000045965
816,0.18060000002151355,184.50700000175857,0.22590000298805535,14.445700002397643,199.63320000169915
817,0.29259999791975133,189.11350000053062,0.18509999790694565,9.40660000196658,199.21659999818075
818,0.11610000001383014,156.5310000005411,0.2151000007870607,6.99969999914174,164.11499999958323
819,0.11929999891435727,182.23890000081155,0.3341999981785193,12.155000000348082,195.2333000008366
820,0.1692000005277805,127.9424000022118,0.24230000053648837,8.863600000040606,137.495899998612
821,0.1343000003544148,174.34480000156327,0.36810000165132806,12.444099997082958,188.05470000006608
822,0.3200000028300565,133.02499999917927,0.17740000112098642,8.58410000000731,142.43329999953858
823,0.10800000018207356,226.62130000026082,0.24279999706777744,10.068600000522565,237.28290000144625
824,0.44539999726112,143.11669999733567,0.34020000020973384,11.497999999846797,155.8372999970743
825,0.11019999874406494,141.57880000129808,0.21829999968758784,10.309999997843988,152.45719999802532
826,0.2286000017193146,159.331499999098,0.20700000095530413,6.811999999627005,166.81990000142832
827,0.18909999926108867,177.66800000026706,0.2440999996906612,8.943500000896165,187.46960000135005
828,0.2316999998583924,108.97490000206744,0.20180000137770548,8.333600002515595,117.97719999958645
829,0.1292000015382655,130.34699999843724,0.1998999978241045,7.483299999876181,138.36710000032326
830,0.27630000113276765,98.73829999924055,0.17049999951268546,6.995100000494858,106.41069999837782
831,0.21070000002509914,175.52570000043488,0.17870000010589138,6.815299999288982,182.9433999992034
832,0.1157000006060116,92.37360000042827,0.17380000281264074,9.09479999972973,101.95409999869298
833,0.10679999832063913,99.27930000048946,0.2091999995172955,7.1996999977272935,107.0201000002271
834,0.1976000021386426,91.36220000073081,0.18120000095223077,6.577500000275904,98.56190000209608
835,0.12509999942267314,170.93709999971907,0.1647000026423484,6.740199998603202,178.169999999227
836,0.11719999747583643,101.41629999998258,0.16279999908874743,6.525399996462511,108.46550000132993
837,0.11680000170599669,96.67899999840301,0.19729999985429458,7.1966000032261945,104.44740000093589
838,0.12319999950705096,88.98910000061733,0.1644000003580004,6.694899999274639,96.17559999969671
839,0.11589999849093147,169.9095000003581,0.16510000205016695,11.822000000393018,182.19600000156788
840,0.20189999850117601,164.4215999986045,0.5520000013348181,9.731400001328439,175.26600000201142
841,0.22140000146464445,169.15030000018305,0.34219999724882655,7.411000002321089,177.6575000003504
842,0.12119999882997945,159.87500000119326,0.15449999773409218,6.117699998867465,166.46140000011656
843,0.11440000162110664,88.5627999996359,0.14820000069448724,6.149900000309572,95.18459999890183
844,0.11539999832166359,84.87329999843496,0.1660999987507239,6.186800001160009,91.52629999880446
845,0.11630000153672881,86.19829999952344,0.14599999849451706,6.3812000007601455,93.0361000027915
846,0.11589999849093147,147.56339999803458,0.14239999654819258,6.2340999975276645,154.26579999984824
847,0.11369999992894009,87.38690000245697,0.16909999976633117,6.3033000005816575,94.22730000005686
848,0.1143000008596573,85.12460000201827,0.15549999807262793,6.216800000402145,91.82209999926272
849,0.11360000280546956,86.45029999752296,0.15500000154133886,6.13589999920805,93.04039999915403
850,0.18419999832985923,165.19509999852744,0.1720000000204891,6.430600002204301,172.1797999998671
851,0.11349999840604141,90.32419999857666,0.2863000008801464,9.004700001241872,100.22059999755584
852,0.11900000026798807,94.2587999998068,0.24759999723755755,7.8691000016988255,102.85670000303071
853,0.14319999900180846,116.90660000022035,0.2044000029854942,7.960700000694487,125.41670000064187
854,0.13070000204606913,149.49279999927967,0.16909999976633117,6.242700001166668,156.23450000202865
855,0.11669999730656855,85.4274000012083,0.16379999942728318,6.187799997860566,92.10110000276472
856,0.11350000204402022,86.98160000130883,0.14910000027157366,6.1850999991293065,93.63550000125542
857,0.11369999992894009,85.84150000024238,0.16529999993508682,6.223500000487547,92.54839999994147
858,0.11319999975967221,156.40720000010333,0.15079999866429716,8.04979999884381,164.90580000026966
859,0.1021999996737577,90.69359999921289,0.1419000000169035,6.342200002109166,97.47710000010557
860,0.18249999993713573,93.6492000000726,0.1446999995096121,6.6756000014720485,100.8360999985598
861,0.1401999979862012,87.34130000084406,0.1570999993418809,6.26639999973122,94.12789999987581
862,0.11689999882946722,160.36929999972926,0.1756999990902841,6.322999997792067,167.1924999973271
863,0.1264000020455569,89.57630000077188,0.16209999739658087,7.62380000014673,97.66839999792865
864,0.09679999857326038,90.43720000045141,0.14590000137104653,6.145599996671081,97.02769999785232
865,0.39340000148513354,86.64910000152304,0.1548000000184402,6.150500001240289,93.54689999963739
866,0.11449999874457717,146.35210000051302,0.12690000221482478,5.861800000275252,152.6333000001614
867,0.11649999942164868,87.06119999988005,0.15659999917261302,6.559099998412421,94.08809999877121
868,0.11449999874457717,89.6428999985801,0.1669000012043398,6.144999999378342,96.29380000114907
869,0.11299999823677354,91.59290000025067,0.15920000078040175,6.518900001537986,98.60520000074757
870,0.18450000061420724,152.8485000017099,0.16309999773511663,6.3405999972019345,159.72060000058264
871,0.11620000077527948,90.2550999999221,0.16259999756584875,7.195100002718391,97.92550000202027
872,0.24900000062189065,131.10690000030445,0.14599999849451706,6.17699999929755,137.89269999688258
873,0.11649999942164868,87.5439000010374,0.16200000027311035,6.363000000419561,94.38930000032997
874,0.11589999849093147,154.54590000081225,0.15100000018719584,6.386200002452824,161.3988999997673
875,0.22449999960372224,121.90740000005462,0.17139999908977188,6.588100000954,129.1400000009162
876,0.1260999997612089,133.37630000023637,0.1506000007793773,7.1596999987377785,141.02180000190856
877,0.1190999973914586,95.71059999871068,0.1751000017975457,6.702700000460027,102.94120000253315
878,0.12229999992996454,147.9594000011275,0.14519999967887998,6.309000000328524,154.78400000210968
879,0.11590000212891027,84.06159999867668,0.14480000027106144,6.255599997530226,90.76529999947525
880,0.18399999680696055,85.64679999835789,0.16209999739658087,6.424200000765268,92.6660000004631
881,0.12010000136797316,177.82209999859333,0.27860000045620836,10.357099999964703,188.93979999847943
882,0.12260000221431255,88.76410000084434,0.15220000204863027,6.167800002003787,95.39990000121179
883,0.1517000018793624,90.50869999919087,0.16379999942728318,6.338899998809211,97.41059999942081
884,0.12419999984558672,96.75090000018827,0.13830000170855783,6.215400000655791,103.4484000010707
885,0.11509999967529438,167.0656999995117,0.21949999791104347,6.195199999638135,173.81159999786178
886,0.11330000052112155,87.00179999868851,0.29910000012023374,7.222899999760557,95.16760000042268
887,0.12939999942318536,87.3226000003342,0.1632999992580153,6.258400000660913,94.10460000071907
888,0.10630000178935006,85.24089999991702,0.14379999993252568,6.206499998370418,91.89250000054017
889,0.11860000086016953,156.5642999994452,0.4009000003861729,8.278699999209493,165.82089999792515
890,0.27129999944008887,107.32840000127908,0.1497999983257614,7.484900001145434,115.45110000224668
891,0.11539999832166359,86.19619999808492,0.1522999991721008,6.189499999891268,92.8591999982018
892,0.11910000102943741,88.63100000235136,0.15309999798773788,6.558000000950415,95.64590000081807
893,0.2922000021499116,153.3300999981293,0.15889999849605374,6.718100001307903,160.71220000230824
894,0.13590000162366778,85.96689999831142,0.14659999942523427,6.475099999079248,92.91659999871626
895,0.1489000023866538,87.44400000068708,0.1706000002741348,6.833299998106668,94.78589999707765
896,0.12009999772999436,87.92560000074445,0.14659999942523427,8.776699996815296,97.1847999971942
897,0.1426999988325406,148.79549999750452,0.17280000247410499,6.2363000033656135,155.55110000059358
898,0.1157000006060116,88.6075999987952,0.17609999849810265,6.258200002775993,95.36429999934626
899,0.11639999866019934,85.74839999710093,0.17379999917466193,6.2011000009079,92.47189999950933
900,0.16150000010384247,85.55139999953099,0.16180000238819048,6.252900002436945,92.33550000135438
901,0.12179999976069666,152.5307999982033,0.216500000533415,6.21809999938705,159.2848000000231
902,0.11389999781385995,91.52720000201953,0.17440000010537915,6.4342000005126465,98.44719999819063
903,0.11799999992945231,90.79920000294806,0.15690000145696104,6.330099997285288,97.64490000088699
904,0.12140000035287812,85.83559999897261,0.14379999993252568,6.158899999718415,92.46169999823906
905,0.1334000007773284,157.45669999887468,0.170899998920504,7.28990000061458,165.26140000132727
906,0.10409999958937988,116.54120000093826,0.23289999808184803,7.566799999040086,124.69969999801833
907,0.1143000008596573,111.0685999992711,0.16999999934341758,7.64579999668058,119.19240000133868
908,0.2814999970723875,104.13960000005318,0.17409999782103114,6.713700000545941,111.50560000169207
909,0.10860000111279078,188.3412999995926,0.3038000031665433,8.22129999869503,197.4158000011812
910,0.18990000171470456,111.58309999882476,0.4101999984413851,6.532399998832261,118.94570000004023
911,0.14349999764817767,99.2097999987891,0.32669999927747995,8.06889999876148,108.10399999900255
912,0.11790000280598179,99.51709999950253,0.1652000028116163,6.738999996741768,106.70460000255844
913,0.13609999950858764,163.00820000105887,0.18880000061471947,6.6540999978315085,170.1915999983612
914,0.12060000153724104,87.46080000128131,0.23349999901256524,6.9374000013340265,94.95510000124341
915,0.13810000018565916,96.71849999722326,0.1644000003580004,6.249699999898439,103.48480000175186
916,0.11830000221380033,95.10969999973895,0.1467000001866836,6.299699998635333,101.8657999993593
917,0.11799999992945231,243.0899999999383,0.18959999943035655,13.342900001589442,257.1831999994174
918,0.2899999999499414,221.3302999989537,0.33829999665613286,9.304499999416294,231.77299999952083
919,0.30419999893638305,138.44629999948665,0.38019999919924885,10.59019999956945,150.21669999987353
920,0.19719999909284525,220.8178000000771,0.36330000148154795,12.543900000309804,234.422599998652
921,0.13620000027003698,159.48949999801698,0.3771999981836416,26.83689999685157,187.25540000014007
922,0.22879999960423447,148.14150000165682,0.34499999674153514,11.37169999856269,160.55260000212002
923,0.3599999981815927,137.88969999950496,0.467399997432949,9.643299999879673,148.60199999748147
924,0.12509999942267314,190.514499998244,0.18709999858401716,8.982800001831492,200.08030000099097
925,0.12100000094505958,135.97759999902337,0.24789999952190556,10.257900001306552,146.9768999995722
926,0.2950000016426202,143.4889000011026,0.15239999993355013,9.835400000156369,153.96379999947385
927,0.2237999979115557,115.65979999795672,0.2927000023191795,10.976199999277014,128.04920000053244
928,0.13169999874662608,206.41940000132308,0.25580000146874227,8.736499999940861,215.9553000019514
929,0.14379999993252568,210.7739999992191,0.5153999991307501,25.587799998902483,237.44240000087302
930,0.4488000013225246,320.61849999809056,0.44770000022253953,25.090600000112318,347.336599999835
931,0.1464000015403144,342.78489999996964,0.4029000010632444,27.203599998756545,370.9648999974888
932,0.21559999731834978,334.30930000031367,0.44020000132150017,16.228000000410248,351.7819000007876
933,0.5576000003202353,159.23869999824092,0.29659999927389435,11.118099999293918,171.65290000048117
934,0.19160000010742806,143.84490000156802,0.22249999892665073,8.970099999714876,153.69429999918793
935,0.23489999875891954,139.44139999875915,0.1508999994257465,8.854399999108864,148.89270000276156
936,0.2173000029870309,215.2925000009418,0.4092999988642987,14.362699999765027,230.78290000194102
937,0.2721999990171753,180.44469999949797,0.32389999978477135,16.46669999900041,197.99050000074203
938,0.1171000003523659,173.34109999865177,0.17970000044442713,16.625399999611545,190.50720000086585
939,0.16569999934290536,182.3857000017597,0.21659999765688553,9.955699999409262,192.90810000165948
940,0.4346999994595535,269.1472000005888,0.40050000097835436,10.539900002186187,281.0977000008279
941,0.13000000035390258,149.95790000102716,0.34299999970244244,10.166399999434361,160.99369999938062
942,0.1235999989148695,168.6319000000367,0.3920999988622498,12.876799999503419,182.51479999889852
943,0.30809999952907674,148.32210000167834,0.6270000012591481,11.851900002511684,161.52660000079777
944,0.2516000022296794,201.1525999987498,0.16899999900488183,8.357900002010865,210.15940000143019
945,0.12340000102994964,109.03930000131368,0.18629999976838008,9.48190000053728,119.03719999827445
946,0.15559999883407727,121.51649999941583,0.1795999996829778,10.696600002120249,132.93130000238307
947,0.25410000307601877,103.2768999975815,0.3864999998768326,7.695799999055453,111.83200000232318
948,0.27689999842550606,186.54319999768632,0.17290000323555432,6.408699999155942,193.66009999794187
949,0.10540000221226364,111.2981000005675,0.4810999998881016,7.469400003174087,119.86659999820404
950,0.17780000052880496,108.91149999952177,0.18619999900693074,8.1705000011425,117.75740000302903
951,0.12419999984558672,105.85399999763467,0.18040000213659368,6.676200002402766,113.07509999824106
952,0.12380000043776818,183.55809999775374,0.20149999909335747,8.858500001224456,192.99840000167023
953,0.12279999646125361,121.9983000009961,0.3440000000409782,11.837699999887263,134.7061999986181
954,0.29010000071139075,113.85890000019572,0.22200000239536166,8.1002000006265,122.68509999921662
955,0.11359999916749075,146.46609999908833,0.1574000016262289,7.197200000518933,154.10790000169072
956,0.12290000086068176,228.72469999856548,0.2007000002777204,10.502599998289952,239.7521000020788
957,0.44320000233710743,140.11780000146246,0.5915000001550652,10.634400001436006,151.98719999898458
958,0.31600000147591345,145.81839999664226,0.2755999994406011,13.259700001071906,159.99169999849983
959,0.13760000001639128,224.0483999994467,0.18759999875328504,8.266199998615775,232.845599999564
960,0.20559999757097103,125.03380000271136,0.16529999993508682,9.164799997961381,134.79580000057467
961,0.13559999933931977,136.7059000003792,0.17809999917517416,10.787200000777375,148.14620000106515
962,0.10660000043571927,134.31599999967148,0.3656999979284592,9.331400000519352,144.60540000072797
963,0.41929999861167744,205.2015000008396,0.20640000002458692,8.774799996899674,214.82769999784068
964,0.13730000137002207,119.49430000095163,0.28949999978067353,10.644999998476123,130.9767999991891
965,0.13049999688519165,139.2809999997553,0.18569999883766286,6.6490999997768085,146.45180000297842
966,0.12649999916902743,113.12899999757065,0.16110000069602393,6.788800001231721,120.40809999962221
967,0.13100000069243833,187.91010000131791,0.16559999858145602,8.650599997054087,197.06720000249334
968,0.10409999958937988,107.9463999994914,0.1512000017100945,8.983000003354391,117.38509999850066
969,0.16350000078091398,106.0710999990988,0.21710000146413222,6.686400000035064,113.40610000115703
970,0.1869000006990973,109.88609999913024,0.15239999993355013,8.237800000642892,118.6572000005981
971,0.13929999840911478,186.88549999933457,0.15920000078040175,10.25850000223727,197.64930000019376
972,0.12369999967631884,122.54680000114604,0.3221000006305985,8.435200001258636,132.0242000001599
973,0.11319999975967221,138.19730000250274,0.15700000221841037,8.359999999811407,146.98919999864302
974,0.10999999722116627,120.87740000060876,0.234800001635449,8.679300000949297,130.10629999917
975,0.1416000013705343,189.69529999958468,0.15380000331788324,7.073900000250433,197.28300000133459
976,0.12770000103046186,114.95700000159559,0.1689000018814113,7.296800002222881,122.72069999744417
977,0.1329000006080605,111.94239999895217,0.17010000010486692,7.334300000366056,119.79229999997187
978,0.12430000060703605,126.20229999811272,0.20460000087041408,8.108199999696808,134.8717000000761
979,0.2342000007047318,188.97990000186837,0.3096000000368804,7.837500001187436,197.96689999930095
980,0.19380000230739824,109.64619999867864,0.22589999935007654,7.773900000756839,118.0568999989191
981,0.12079999942216091,124.28129999898374,0.22089999765739776,7.653000000573229,132.52469999861205
982,0.1267000006919261,136.0991000001377,0.17590000061318278,6.9537999988824595,143.56929999848944
983,0.29210000138846226,197.1205000008922,0.15549999807262793,7.709599998634076,205.50400000138325
984,0.12079999942216091,114.17269999947166,0.15150000035646372,13.121699998009717,127.78439999965485
985,0.26679999791667797,109.10839999996824,0.1823999991756864,7.387899997411296,117.18439999822294
986,0.10729999848990701,102.70519999903627,0.19039999824599363,9.287799999583513,112.48749999867869
987,0.12430000060703605,169.4495999981882,0.18959999943035655,7.849300000088988,178.1120000014198
988,0.13589999798568897,128.21579999945243,0.17070000103558414,6.675500000710599,135.37420000284328
989,0.10370000018156134,114.32580000109738,0.1947999990079552,6.322499997622799,121.17869999929098
990,0.1878000002761837,106.46970000016154,0.16659999891999178,9.892100002616644,116.91069999869796
991,0.12100000094505958,173.89230000117095,0.13050000052317046,12.198500000522472,186.50269999852753
992,0.11020000238204375,115.8054000006814,0.3259999975853134,7.2811000027286354,123.71060000077705
993,0.1446999995096121,97.83170000082464,0.18080000154441223,8.94710000284249,107.30770000009215
994,0.16959999993559904,108.96219999995083,0.4244999981892761,7.625900001585251,117.60950000098092
995,0.12140000035287812,311.4674000025843,0.29269999868120067,10.859299996809568,323.3628999987559
996,0.11050000102841295,130.07250000009662,0.5038999988755677,8.115799999359297,138.9816000009887
997,0.13310000213095918,128.59620000017458,0.22000000171829015,10.442200000397861,139.78800000040792
998,0.11069999891333282,176.1304999999993,0.27799999952549115,7.28240000171354,184.03530000068713
999,0.18040000213659368,105.81409999940661,0.1680999994277954,7.28279999748338,113.64550000143936
