scenario_idx,timestep,t_sim,adv_ctrl_pitch,adv_ctrl_yaw,adv_ctrl_throttle,base_ctrl_pitch,base_ctrl_yaw,base_ctrl_throttle,state_norm,safe_flag,active_controller,switch_event,recovery_timestep
0,0,0.0,-0.7463474715923651,0.26052897347523696,0.19399840577527994,0.0,0.0,0.3333333333333333,0.0,True,ADVANCED,False,-1
0,1,0.01,-0.7491288746182386,0.24054206145908522,0.19407576004550048,4.591327578065957e-08,-3.126347681702844e-07,0.3333333333333333,1.5273377603092448e-11,True,ADVANCED,False,-1
0,2,0.02,-0.7497845686947571,0.27245638658372306,0.19414700979942984,1.3439452072540562e-07,-8.826565332744426e-07,0.3333333333333333,4.3174306918165125e-11,True,ADVANCED,False,-1
0,3,0.03,-0.7570030329959376,0.2528111484040639,0.1942149030608094,2.624020057455243e-07,-1.7226237857686526e-06,0.3333333333333333,8.42310542641748e-11,True,ADVANCED,False,-1
0,4,0.04,-0.7550026735243811,0.2560880898554505,0.1942777177465027,4.2752199682413854e-07,-2.7819676910983185e-06,0.3333333333333333,1.3601699627744006e-10,True,ADVANCED,False,-1
0,5,0.05,-0.7872722112679357,0.2841541890237435,0.19433547683724467,6.27075633286774e-07,-4.04268291372156e-06,0.3333333333333333,1.9765381084460484e-10,True,ADVANCED,False,-1
0,6,0.06,-0.7533281722902769,0.25879130991628985,0.1943904252121994,8.607514330573261e-07,-5.5183116409109704e-06,0.3333333333333333,2.6974073514514523e-10,True,ADVANCED,False,-1
0,7,0.07,-0.7664977323987219,0.2767947458354689,0.1944404252504325,1.124169682239286e-06,-7.156927067280994e-06,0.3333333333333333,3.497948448134013e-10,True,ADVANCED,False,-1
0,8,0.08,-0.7814710317403932,0.2954427560631855,0.19448633517242286,1.416335358357683e-06,-8.963834646016583e-06,0.3333333333333333,4.3804540608134246e-10,True,ADVANCED,False,-1
0,9,0.09,-0.7840359915226481,0.28541071435013055,0.19452938117976132,1.7364545042009649e-06,-1.0944582774154438e-05,0.3333333333333333,5.347139690630334e-10,True,ADVANCED,False,-1
0,10,0.1,-0.8326855564439818,0.32603832043254233,0.19492609209851344,2.0830547352289507e-06,-1.3069748946698675e-05,0.3333333333333333,6.383970018943212e-10,True,ADVANCED,False,-1
0,11,0.11,-0.8319637297939142,0.3336668276267342,0.1949310293256414,2.4576226110309285e-06,-1.5373644486507554e-05,0.3333333333333333,7.508829062401868e-10,True,ADVANCED,False,-1
0,12,0.12,-0.8457893884462203,0.33390988527493737,0.19493552510171083,2.858613687800963e-06,-1.7847550665487527e-05,0.3333333333333333,8.717218947251063e-10,True,ADVANCED,False,-1
0,13,0.13,-0.8249805375006125,0.3233095408599529,0.1949396224093513,3.28546085519588e-06,-2.04747580888992e-05,0.3333333333333333,1.0000941109554833e-09,True,ADVANCED,False,-1
0,14,0.14,-0.8150065369664404,0.3163191402544343,0.19494330587036984,3.735548997978483e-06,-2.3227216219001297e-05,0.3333333333333333,1.1346506008888085e-09,True,ADVANCED,False,-1
0,15,0.15,-0.8278021902926609,0.33969330892168265,0.19494661028013413,4.2072412168415846e-06,-2.6084011504398023e-05,0.3333333333333333,1.2743739100552876e-09,True,ADVANCED,False,-1
0,16,0.16,-0.8213862941866018,0.3151734037936277,0.19494965876061124,4.700333892237313e-06,-2.9062759231960474e-05,0.3333333333333333,1.4200682685195355e-09,True,ADVANCED,False,-1
0,17,0.17,-0.8219688631287837,0.32228194369300417,0.19495238583111485,5.213514388290313e-06,-3.212184027131828e-05,0.3333333333333333,1.5697608803037035e-09,True,ADVANCED,False,-1
0,18,0.18,-0.8245663637338387,0.3261507787295224,0.1949548487101053,5.74611116868076e-06,-3.526175153917102e-05,0.3333333333333333,1.7234500403805112e-09,True,ADVANCED,False,-1
0,19,0.19,-0.8199842280860898,0.32161752729472304,0.19495709459655525,6.297504189188677e-06,-3.847905261471288e-05,0.3333333333333333,1.8809562283072858e-09,True,ADVANCED,False,-1
0,20,0.2,-0.8777247489021116,0.33581735261867496,0.19496755276695732,6.866817874589555e-06,-4.17605646154531e-05,0.3333333333333333,2.0416404157492315e-09,True,ADVANCED,False,-1
0,21,0.21,-0.8768523179601965,0.3210786242349665,0.19496859343983214,7.457026881252788e-06,-4.5116906239260426e-05,0.3333333333333333,2.2064049927062982e-09,True,ADVANCED,False,-1
0,22,0.22,-0.8499958249345094,0.32828919986505767,0.19496952918986066,8.06728163079896e-06,-4.852290804976683e-05,0.3333333333333333,2.3740355619288932e-09,True,ADVANCED,False,-1
0,23,0.23,-0.8501927838450836,0.32316697015673423,0.19497037849883544,8.695278442976206e-06,-5.1982256719057645e-05,0.3333333333333333,2.544656378913781e-09,True,ADVANCED,False,-1
0,24,0.24,-0.8776351703298496,0.30848767031993535,0.19497114660723966,9.340487276616469e-06,-5.5483470885603544e-05,0.3333333333333333,2.7176918042430793e-09,True,ADVANCED,False,-1
0,25,0.25,0.6938460244377085,-0.24658074822548254,-0.1559774700129983,1.0004209039093299e-05,-5.900474883987403e-05,0.3333333333333333,2.8921171885834046e-09,True,ADVANCED,False,-1
0,26,0.26,0.7025595377782661,-0.25095146429050036,-0.15597796624040494,1.0589204445046048e-05,-6.187800210084138e-05,0.3333333333333333,3.034209947318649e-09,True,ADVANCED,False,-1
0,27,0.27,0.6874881027608525,-0.2518755634078739,-0.15597841619292982,1.110183077994062e-05,-6.416278827855947e-05,0.3333333333333333,3.1469324527145482e-09,True,ADVANCED,False,-1
0,28,0.28,0.6955645551350811,-0.25978530162304925,-0.1559788215793203,1.1549143438863334e-05,-6.591684516241379e-05,0.3333333333333333,3.2331666744908187e-09,True,ADVANCED,False,-1
0,29,0.29,0.6850766445422011,-0.25581163803269663,-0.15597918872828084,1.1936153364184254e-05,-6.71837539959339e-05,0.3333333333333333,3.2951152119560973e-09,True,ADVANCED,False,-1
0,30,0.3,0.5980910603199608,-0.2665195893647449,-0.15598061665317056,1.2268524233843212e-05,-6.801699798046286e-05,0.3333333333333333,3.3354411825357446e-09,True,ADVANCED,False,-1
0,31,0.31,0.5963543940565469,-0.2476773487493155,-0.15598080771205594,1.2556003170447135e-05,-6.844709405930242e-05,0.3333333333333333,3.356041442885732e-09,True,ADVANCED,False,-1
0,32,0.32,0.6082913050283819,-0.2604117583835868,-0.15598097672322664,1.280229427863248e-05,-6.853696771176038e-05,0.3333333333333333,3.3599393700103e-09,True,ADVANCED,False,-1
0,33,0.33,0.6129922695057949,-0.25076115773391683,-0.1559811322113922,1.3009907507268957e-05,-6.830535988891408e-05,0.3333333333333333,3.348085597265744e-09,True,ADVANCED,False,-1
0,34,0.34,0.601917580041624,-0.25441569764832067,-0.15598127230238235,1.3181509321776408e-05,-6.779599945907384e-05,0.3333333333333333,3.322596845031843e-09,True,ADVANCED,False,-1
0,35,0.35000000000000003,0.6167371059386723,-0.2497320203801711,-0.15598139878572748,1.332049270963635e-05,-6.703227623504195e-05,0.3333333333333333,3.2846413101483997e-09,True,ADVANCED,False,-1
0,36,0.36,0.5953686518257898,-0.26753160967377637,-0.15598151203672359,1.342821781855948e-05,-6.604524690895964e-05,0.3333333333333333,3.235713888200097e-09,True,ADVANCED,False,-1
0,37,0.37,0.6081945981892136,-0.2606938292232727,-0.15598161527445237,1.3508266577754258e-05,-6.483588258387977e-05,0.3333333333333333,3.175929124118165e-09,True,ADVANCED,False,-1
0,38,0.38,0.6173873514830714,-0.2743227512086269,-0.1559817073798317,1.3561691155393142e-05,-6.3434622096243e-05,0.3333333333333333,3.1067515811105754e-09,True,ADVANCED,False,-1
0,39,0.39,0.6008879088709089,-0.2496283715488449,-0.15598179270920623,1.3589729769135292e-05,-6.184430035592272e-05,0.3333333333333333,3.028361883564765e-09,True,ADVANCED,False,-1
0,40,0.4,0.5470161043512338,-0.26772578677902,-0.15598204322125667,1.3594925103879903e-05,-6.0113456743779197e-05,0.3333333333333333,2.9430681423383546e-09,True,ADVANCED,False,-1
0,41,0.41000000000000003,0.5581933131413443,-0.24779742239386782,-0.15598209473751745,1.3582087693953075e-05,-5.8234426548718674e-05,0.3333333333333333,2.850844853948433e-09,True,ADVANCED,False,-1
0,42,0.42,0.5579547788260285,-0.26177621385102356,-0.15598214061786214,1.3551390948600773e-05,-5.624594246629449e-05,0.3333333333333333,2.753490465051613e-09,True,ADVANCED,False,-1
0,43,0.43,0.5718689488437215,-0.26043267527071995,-0.15598218243553766,1.3503865728867974e-05,-5.414217533549393e-05,0.3333333333333333,2.6507341929247343e-09,True,ADVANCED,False,-1
0,44,0.44,0.5676467901236633,-0.269482227509323,-0.15598222021855998,1.3439504050039268e-05,-5.1936265707450575e-05,0.3333333333333333,2.543190945013012e-09,True,ADVANCED,False,-1
0,45,0.45,0.5724771958573881,-0.2611184820503049,-0.15598225468517127,1.335936026024251e-05,-4.962756836920197e-05,0.3333333333333333,2.4308306603724153e-09,True,ADVANCED,False,-1
0,46,0.46,0.5554459304132855,-0.2584099783954481,-0.1559822857528601,1.326388008695444e-05,-4.723639858631913e-05,0.3333333333333333,2.3146109835501284e-09,True,ADVANCED,False,-1
0,47,0.47000000000000003,0.5655116546560895,-0.25565411760719486,-0.1559823138466434,1.3154789707851158e-05,-4.4774253807651005e-05,0.3333333333333333,2.195077244104318e-09,True,ADVANCED,False,-1
0,48,0.48,0.5518699706883757,-0.23993852074912386,-0.1559823394526727,1.3032000210114608e-05,-4.225153856572178e-05,0.3333333333333333,2.072713800892667e-09,True,ADVANCED,False,-1
0,49,0.49,0.5721362706712891,-0.26075598387783966,-0.15598236211460242,1.2896870670046571e-05,-3.9693168623087066e-05,0.3333333333333333,1.9486981035708493e-09,True,ADVANCED,False,-1
0,50,0.5,0.6719979551739218,-0.2485504270866354,-0.15598238955179922,1.2748543147914646e-05,-3.707772849406277e-05,0.3333333333333333,1.822034064271902e-09,True,ADVANCED,False,-1
0,51,0.51,0.6621499878504475,-0.24684903200814923,-0.15598240748746564,1.2581353201470899e-05,-3.4425571865437115e-05,0.3333333333333333,1.6938910958296084e-09,True,ADVANCED,False,-1
0,52,0.52,0.645706944664671,-0.2534593511272355,-0.1559824236322438,1.2396792073140266e-05,-3.174241206126368e-05,0.3333333333333333,1.5645401980254216e-09,True,ADVANCED,False,-1
0,53,0.53,0.6608934473093765,-0.2672390540935216,-0.15598243822847702,1.2196607577664097e-05,-2.9023417016153722e-05,0.3333333333333333,1.4338043977367506e-09,True,ADVANCED,False,-1
0,54,0.54,0.6493750060872863,-0.24607956364200356,-0.15598245166090008,1.1980454991545309e-05,-2.6255634610640837e-05,0.3333333333333333,1.3011263472833514e-09,True,ADVANCED,False,-1
0,55,0.55,0.6654943781683559,-0.2601848813897272,-0.15598246355877865,1.1749639682944788e-05,-2.3469334969306682e-05,0.3333333333333333,1.1679896690408262e-09,True,ADVANCED,False,-1
0,56,0.56,0.6596666452421678,-0.2550311089122338,-0.1559824744884671,1.1503694867754507e-05,-2.0649443434435748e-05,0.3333333333333333,1.0338243043964573e-09,True,ADVANCED,False,-1
0,57,0.5700000000000001,0.656276689713568,-0.26535000200664155,-0.15598248425263217,1.1243437330519872e-05,-1.780550372235438e-05,0.3333333333333333,8.992943113238177e-10,True,ADVANCED,False,-1
0,58,0.58,0.6569466708014178,-0.2523918504935728,-0.15598249325260494,1.0969602460127128e-05,-1.4927537979070073e-05,0.3333333333333333,7.643559660975702e-10,True,ADVANCED,False,-1
0,59,0.59,0.6583887970323965,-0.2596929875790643,-0.15598250129135294,1.0682471952944867e-05,-1.2034498589518578e-05,0.3333333333333333,6.30616742858041e-10,True,ADVANCED,False,-1
0,60,0.6,0.4772413507803392,-0.26059626164889993,-0.15598251111615752,1.038223635365086e-05,-9.119131553823831e-06,0.3333333333333333,4.992736566047353e-10,True,ADVANCED,False,-1
0,61,0.61,0.4533423368676703,-0.2453727416585576,-0.15598251710018027,1.0080472167129043e-05,-6.1825857077162034e-06,0.3333333333333333,3.7372559127502236e-10,True,ADVANCED,False,-1
0,62,0.62,0.4664664042478025,-0.2599163450975139,-0.15598252237139087,9.778026784402518e-06,-3.2452471562255435e-06,0.3333333333333333,2.646142589054065e-10,True,ADVANCED,False,-1
0,63,0.63,0.4608100180275707,-0.254517873237236,-0.15598252718949202,9.47352140857233e-06,-2.8974284576354943e-07,0.3333333333333333,2.0080454612152177e-10,True,ADVANCED,False,-1
0,64,0.64,0.46857477854138846,-0.2694668196595957,-0.15598253145108656,9.166762013587692e-06,2.6756324815402057e-06,0.3333333333333333,2.2625091856998474e-10,True,ADVANCED,False,-1
0,65,0.65,0.46987007958744365,-0.2490770621901609,-0.1559825353342509,8.856845312587585e-06,5.667830459708282e-06,0.3333333333333333,3.216499142718957e-10,True,ADVANCED,False,-1
0,66,0.66,0.46426378315187694,-0.2545560081576811,-0.15598253874084525,8.543229941547593e-06,8.659701114690855e-06,0.3333333333333333,4.44032937497113e-10,True,ADVANCED,False,-1
0,67,0.67,0.46515500750052574,-0.25544193201018367,-0.1559825417941875,8.22604593950819e-06,1.1657851913967446e-05,0.3333333333333333,5.767364271200575e-10,True,ADVANCED,False,-1
0,68,0.68,0.4664054195718008,-0.25471308235998574,-0.15598254449503135,7.904777351516386e-06,1.4662717951731608e-05,0.3333333333333333,7.142339178278339e-10,True,ADVANCED,False,-1
0,69,0.6900000000000001,0.4588567691159875,-0.261895178380267,-0.15598254687328783,7.579134776326513e-06,1.767275308455431e-05,0.3333333333333333,8.543041195702741e-10,True,ADVANCED,False,-1
0,70,0.7000000000000001,0.5495806742663129,-0.2513033454478824,-0.1559825390848653,7.24933573653302e-06,2.0696058918154013e-05,0.3333333333333333,9.963437644983352e-10,True,ADVANCED,False,-1
0,71,0.71,0.5538027805726136,-0.2650366075433926,-0.1559825397166873,6.909423187615885e-06,2.3718598182934127e-05,0.3333333333333333,1.139254400344016e-09,True,ADVANCED,False,-1
0,72,0.72,0.5314903759615629,-0.2657343337627675,-0.15598254007722842,6.55944239092749e-06,2.6756927450291228e-05,0.3333333333333333,1.2835149703006089e-09,True,ADVANCED,False,-1
0,73,0.73,0.5555551059508013,-0.25612071463925856,-0.15598254009414034,6.20089958691521e-06,2.981030499143085e-05,0.3333333333333333,1.4288997598420758e-09,True,ADVANCED,False,-1
0,74,0.74,0.5393418368512095,-0.26081509632313177,-0.15598253984179247,5.8323277958767945e-06,3.286568963602652e-05,0.3333333333333333,1.5746764947449004e-09,True,ADVANCED,False,-1
0,75,0.75,0.5293362583726554,-0.26342650678122026,-0.15598253929399541,5.454946650781291e-06,3.592851393175325e-05,0.3333333333333333,1.7210211465350069e-09,True,ADVANCED,False,-1
0,76,0.76,0.5351507586684099,-0.2635518803303338,-0.15598253845669083,5.069418077151188e-06,3.900116760604763e-05,0.3333333333333333,1.8679915103407548e-09,True,ADVANCED,False,-1
0,77,0.77,0.5318101825912995,-0.26326589904451775,-0.15598253733685832,4.675451885942687e-06,4.208281816931178e-05,0.3333333333333333,2.0155121047595783e-09,True,ADVANCED,False,-1
0,78,0.78,0.5417736175190276,-0.2556827025086276,-0.15598253592429817,4.27323962219561e-06,4.517222275510574e-05,0.3333333333333333,2.163496571564346e-09,True,ADVANCED,False,-1
0,79,0.79,0.5383166215717925,-0.2626404562593116,-0.15598253420502783,3.862215387828847e-06,4.8259506125333416e-05,0.3333333333333333,2.3114563564359957e-09,True,ADVANCED,False,-1
0,80,0.8,0.5850597225563077,-0.2618746932577423,-0.15598249099383302,3.4426751004219147e-06,5.1353229706052236e-05,0.3333333333333333,2.4597833649456153e-09,True,ADVANCED,False,-1
0,81,0.81,0.5827969418509736,-0.26805729365560466,-0.15598248489414568,3.0117398532175316e-06,5.445183056061117e-05,0.3333333333333333,2.608404924335201e-09,True,ADVANCED,False,-1
0,82,0.8200000000000001,0.5773087631327889,-0.24696850229783518,-0.15598247807877125,2.569878887122093e-06,5.756224008210354e-05,0.3333333333333333,2.757637517710471e-09,True,ADVANCED,False,-1
0,83,0.8300000000000001,0.5806900863507151,-0.25620873037541236,-0.15598247052294226,2.117574816069168e-06,6.065797085420656e-05,0.3333333333333333,2.9062095906709197e-09,True,ADVANCED,False,-1
0,84,0.84,0.5808419287854991,-0.2624795693781781,-0.155982462207945,1.6548497265694543e-06,6.375157902555215e-05,0.3333333333333333,3.054711851879535e-09,True,ADVANCED,False,-1
0,85,0.85,0.5779063336253464,-0.25144727177615595,-0.15598245307835412,1.1818506519480817e-06,6.685080186301923e-05,0.3333333333333333,3.2035064767472507e-09,True,ADVANCED,False,-1
0,86,0.86,0.5905304624633773,-0.26401093160902755,-0.15598244293729935,6.989551204967148e-07,6.994183914287314e-05,0.3333333333333333,3.3519316549401196e-09,True,ADVANCED,False,-1
0,87,0.87,0.5762018525059104,-0.2673644415641977,-0.15598243182235205,2.0543609747500734e-07,7.304058581267451e-05,0.3333333333333333,3.5007429307520516e-09,True,ADVANCED,False,-1
0,88,0.88,0.5914457408122464,-0.2596099711761914,-0.1559824197288652,-2.976236799689713e-07,7.61502951453747e-05,0.3333333333333333,3.6500885768438465e-09,True,ADVANCED,False,-1
0,89,0.89,0.572698580526722,-0.2499596775781023,-0.1559824065601081,-8.110574049884966e-07,7.926056551021815e-05,0.3333333333333333,3.799475423598263e-09,True,ADVANCED,False,-1
0,90,0.9,0.9445588973612171,-0.25493927241713354,-0.15598218240246453,-1.333578819175079e-06,8.23597604516727e-05,0.3333333333333333,3.948343384271143e-09,True,ADVANCED,False,-1
0,91,0.91,0.9484850067445691,-0.2526962146507239,-0.15598214329112642,-1.8879696696184234e-06,8.545496302588401e-05,0.3333333333333333,4.09711356365864e-09,True,ADVANCED,False,-1
0,92,0.92,0.9515169670898009,-0.24886653486744917,-0.15598210020820302,-2.4727107669579167e-06,8.854388080025613e-05,0.3333333333333333,4.245669992164534e-09,True,ADVANCED,False,-1
0,93,0.93,0.9502461097889541,-0.2624870883676726,-0.15598205310938484,-3.0864344825318843e-06,9.162254663903251e-05,0.3333333333333333,4.393818108569882e-09,True,ADVANCED,False,-1
0,94,0.9400000000000001,0.9544174104848395,-0.2575408454217699,-0.15598200075416854,-3.727538538737581e-06,9.470833039997247e-05,0.3333333333333333,4.542378274216552e-09,True,ADVANCED,False,-1
0,95,0.9500000000000001,0.9487338587774806,-0.2618756835006036,-0.15598194330550622,-4.394977359262885e-06,9.779458479932406e-05,0.3333333333333333,4.691031052263511e-09,True,ADVANCED,False,-1
0,96,0.96,0.9505497059394102,-0.26708202245878937,-0.15598187996526966,-5.087191988930132e-06,0.00010088646457894026,0.3333333333333333,4.840016323668194e-09,True,ADVANCED,False,-1
0,97,0.97,0.9496891584417295,-0.2488568753578748,-0.1559818100747643,-5.803295945393053e-06,0.00010398965480754399,0.3333333333333333,4.9896009058989315e-09,True,ADVANCED,False,-1
0,98,0.98,0.9599693022219485,-0.2575155311673027,-0.15598173297118936,-6.542167608075845e-06,0.00010708115426371497,0.3333333333333333,5.138688950668383e-09,True,ADVANCED,False,-1
0,99,0.99,0.9533556299779621,-0.27303273619280577,-0.1559816486077912,-7.3036824534267604e-06,0.0001101725224116674,0.3333333333333333,5.2878298944118344e-09,True,ADVANCED,False,-1
1,0,0.0,-1.167865024470368,0.24759448479519003,0.17305673737512312,0.0,0.0,0.3333333333333333,0.0,True,ADVANCED,False,-1
1,1,0.01,-1.163586050829584,0.25971391668096916,0.17305745892442484,7.180384938663734e-08,-2.971133817542281e-07,0.3333333333333333,1.488915823849088e-11,True,ADVANCED,False,-1
1,2,0.02,-1.1757145113363385,0.2755538471075832,0.1730582156776586,2.0974634075010868e-07,-8.761721253501963e-07,0.3333333333333333,4.3840594002627954e-11,True,ADVANCED,False,-1
1,3,0.03,-1.166341371620733,0.26733017752070615,0.17305899252930426,4.0973987882306106e-07,-1.7279896111156676e-06,0.3333333333333333,8.632181125154815e-11,True,ADVANCED,False,-1
1,4,0.04,-1.1718530485115113,0.24849564738465477,0.17305980522447353,6.666956277649224e-07,-2.815421561329439e-06,0.3333333333333333,1.405201493721144e-10,True,ADVANCED,False,-1
1,5,0.05,-1.1688869095005887,0.2700143219448387,0.17306069701715038,9.770466284022808e-07,-4.09230509338342e-06,0.3333333333333333,2.042352100130241e-10,True,ADVANCED,False,-1
1,6,0.06,-1.1589690479355101,0.26221091817967573,0.1730615769387877,1.3369940124672572e-06,-5.565517458565811e-06,0.3333333333333333,2.7770358644324336e-10,True,ADVANCED,False,-1
1,7,0.07,-1.1566298046893608,0.26021783558056805,0.1730625495077462,1.7427350018563298e-06,-7.2060616890455735e-06,0.3333333333333333,3.595067917675184e-10,True,ADVANCED,False,-1
1,8,0.08,-1.1671401110168844,0.25523062816139563,0.17306352649742812,2.1913284587281364e-06,-8.99481289917404e-06,0.3333333333333333,4.487140826524415e-10,True,ADVANCED,False,-1
1,9,0.09,-1.1588316762044675,0.25386204223564934,0.17306457432667027,2.6808183959421833e-06,-1.0910965742083326e-05,0.3333333333333333,5.443085202884598e-10,True,ADVANCED,False,-1
1,10,0.1,-1.1589509278231789,0.28173906419576167,0.17304283707991133,3.208385244654264e-06,-1.294013775138445e-05,0.3333333333333333,6.455773306033088e-10,True,ADVANCED,False,-1
1,11,0.11,-1.1799483080862192,0.25609616605092983,0.1730428363840352,3.771933771378141e-06,-1.510447943679036e-05,0.3333333333333333,7.53708398329246e-10,True,ADVANCED,False,-1
1,12,0.12,-1.162663989807669,0.2571282126188764,0.1730428356082866,4.370954188450809e-06,-1.7359702352916557e-05,0.3333333333333333,8.666192892022496e-10,True,ADVANCED,False,-1
1,13,0.13,-1.1884791116069735,0.26855644449029814,0.1730428347152624,5.002520920940409e-06,-1.969795683257234e-05,0.3333333333333333,9.83883346056625e-10,True,ADVANCED,False,-1
1,14,0.14,-1.1637292929278835,0.2739056314925709,0.17304283372321294,5.666793419295631e-06,-2.212465359765023e-05,0.3333333333333333,1.105719757112467e-09,True,ADVANCED,False,-1
1,15,0.15,-1.1739437257106982,0.27173876784369067,0.17304283257533742,6.360738073721555e-06,-2.463736744401053e-05,0.3333333333333333,1.231953413256876e-09,True,ADVANCED,False,-1
1,16,0.16,-1.1707665379236858,0.2760495302607835,0.17304283128563558,7.083692514468926e-06,-2.7224896427146098e-05,0.3333333333333333,1.362032424761096e-09,True,ADVANCED,False,-1
1,17,0.17,-1.1702774042786799,0.2699239035440188,0.17304282983603955,7.834420314313963e-06,-2.9884931948279704e-05,0.3333333333333333,1.4957981730291917e-09,True,ADVANCED,False,-1
1,18,0.18,-1.1616596438306497,0.26827657669533267,0.17304282819666256,8.611846737248167e-06,-3.2602872601551214e-05,0.3333333333333333,1.6325597821607887e-09,True,ADVANCED,False,-1
1,19,0.19,-1.162851998687723,0.26425371882666016,0.17304282632212128,9.414476835226935e-06,-3.53709510815282e-05,0.3333333333333333,1.7719179781349984e-09,True,ADVANCED,False,-1
1,20,0.2,-1.1648513287603,0.2629364251929138,0.17304283988620914,1.024164035932446e-05,-3.81793261760975e-05,0.3333333333333333,1.913388807426516e-09,True,ADVANCED,False,-1
1,21,0.21,-1.1613500905734138,0.2515031591254562,0.1730428396158068,1.1092742535991654e-05,-4.1022387471439185e-05,0.3333333333333333,2.056489532028067e-09,True,ADVANCED,False,-1
1,22,0.22,-1.1756168664719235,0.2512294256243685,0.17304283930737202,1.1966938018953072e-05,-4.3882946428195394e-05,0.3333333333333333,2.200431452713851e-09,True,ADVANCED,False,-1
1,23,0.23,-1.172635588554612,0.2534311532360345,0.17304283896093248,1.2864552061420435e-05,-4.675892480002365e-05,0.3333333333333333,2.345117378431991e-09,True,ADVANCED,False,-1
1,24,0.24,-1.1617680692531251,0.26144065945767614,0.17304283857122293,1.378476257199763e-05,-4.965142271855107e-05,0.3333333333333333,2.4906034544823014e-09,True,ADVANCED,False,-1
1,25,0.25,50.0,50.0,1.0,1.4726433099333895e-05,-5.2568399636573985e-05,0.3333333333333333,2.6372343291507503e-09,True,ADVANCED,False,-1
1,26,0.26,50.0,50.0,1.0,1.2542764842099806e-05,-0.00011519367886279388,0.3333333333333333,5.570032076517627e-09,True,ADVANCED,False,-1
1,27,0.27,50.0,50.0,1.0,7.471215067386434e-06,-0.00023155643016617547,0.3333333333333333,1.1108470386373955e-08,True,ADVANCED,False,-1
1,28,0.28,50.0,50.0,1.0,-2.744147560901828e-07,-0.0003962829063387975,0.3333333333333333,1.8979174942009746e-08,True,ADVANCED,False,-1
1,29,0.29,50.0,50.0,1.0,-1.0501713298062331e-05,-0.0006045367348935414,0.3333333333333333,2.8940052519451054e-08,True,ADVANCED,False,-1
1,30,0.3,50.0,50.0,1.0,-2.303750036873305e-05,-0.0008519651805920113,0.3333333333333333,4.077901869299438e-08,True,ADVANCED,False,-1
1,31,0.31,50.0,50.0,1.0,-3.7725877159291615e-05,-0.0011346507817196609,0.3333333333333333,5.4307098272565246e-08,True,ADVANCED,False,-1
1,32,0.32,50.0,50.0,1.0,-5.4426691282562236e-05,-0.0014490678227334088,0.3333333333333333,6.935487504425928e-08,True,ADVANCED,False,-1
1,33,0.33,50.0,50.0,1.0,-7.30136257332249e-05,-0.0017920431596444917,0.3333333333333333,8.577013595738501e-08,True,ADVANCED,False,-1
1,34,0.34,50.0,50.0,1.0,-9.337312177116044e-05,-0.002160720962863032,0.3333333333333333,1.0341600496056552e-07,True,ADVANCED,False,-1
1,35,0.35000000000000003,50.0,50.0,1.0,-0.0001154028499640679,-0.0025525309857581495,0.3333333333333333,1.221693496614585e-07,True,ADVANCED,False,-1
1,36,0.36,50.0,50.0,1.0,-0.0001390108437181969,-0.0029651600063620594,0.3333333333333333,1.4191938013475933e-07,True,ADVANCED,False,-1
1,37,0.37,50.0,50.0,1.0,-0.00016411427980769503,-0.003396526124903766,0.3333333333333333,1.6256640162810394e-07,True,ADVANCED,False,-1
1,38,0.38,50.0,50.0,1.0,-0.00019063855737648579,-0.003844755631589379,0.3333333333333333,1.840206982758117e-07,True,ADVANCED,False,-1
1,39,0.39,50.0,50.0,1.0,-0.0002185166622187677,-0.004308162187604405,0.3333333333333333,2.0620153150405832e-07,True,ADVANCED,False,-1
1,40,0.4,50.0,50.0,1.0,-0.0002476881383298027,-0.004785228088015809,0.3333333333333333,2.290362401779976e-07,True,ADVANCED,False,-1
1,41,0.41000000000000003,50.0,50.0,1.0,-0.0002780987218540309,-0.005274587398383863,0.3333333333333333,2.5245943159274415e-07,True,ADVANCED,False,-1
1,42,0.42,50.0,50.0,1.0,-0.00030969946207797704,-0.005775010777712821,0.3333333333333333,2.7641225385106063e-07,True,ADVANCED,False,-1
1,43,0.43,50.0,50.0,1.0,-0.0003424463200121487,-0.0062853918191065165,0.3333333333333333,3.008417412883571e-07,True,ADVANCED,False,-1
1,44,0.44,50.0,50.0,1.0,-0.0003762997371706932,-0.006804734756358404,0.3333333333333333,3.2570022552789664e-07,True,ADVANCED,False,-1
1,45,0.45,50.0,50.0,1.0,-0.00041122406761695876,-0.0073321433998826,0.3333333333333333,3.5094480553808727e-07,True,ADVANCED,False,-1
1,46,0.46,50.0,50.0,1.0,-0.000447187166724571,-0.007866811179051813,0.3333333333333333,3.7653687075277934e-07,True,ADVANCED,False,-1
1,47,0.47000000000000003,50.0,50.0,1.0,-0.00048416016428117143,-0.008408012180301487,0.3333333333333333,4.024416719244244e-07,True,ADVANCED,False,-1
1,48,0.48,50.0,50.0,1.0,-0.0005221170837563206,-0.00895509308142352,0.3333333333333333,4.2862793492182317e-07,True,ADVANCED,False,-1
1,49,0.49,50.0,50.0,1.0,-0.0005610345362799693,-0.009507465892430633,0.3333333333333333,4.5506751316838506e-07,True,ADVANCED,False,-1
1,50,0.5,50.0,50.0,1.0,-0.0006008914851911119,-0.01006460142233427,0.3333333333333333,4.817350748505425e-07,True,ADVANCED,False,-1
1,51,0.51,50.0,50.0,1.0,-0.0006416689442035076,-0.01062602339924474,0.3333333333333333,5.086078214151067e-07,True,ADVANCED,False,-1
1,52,0.52,50.0,50.0,1.0,-0.0006833498722882831,-0.011191303178461322,0.3333333333333333,5.356652342238199e-07,True,ADVANCED,False,-1
1,53,0.53,50.0,50.0,1.0,-0.0007259189291881661,-0.011760054979753371,0.3333333333333333,5.6288884654743e-07,True,ADVANCED,False,-1
1,54,0.54,50.0,50.0,1.0,-0.0007693622886869851,-0.01233193160091331,0.3333333333333333,5.90262038363968e-07,True,ADVANCED,False,-1
1,55,0.55,50.0,50.0,1.0,-0.0008136675738029605,-0.012906620559954316,0.3333333333333333,6.177698516798443e-07,True,ADVANCED,False,-1
1,56,0.56,50.0,50.0,1.0,-0.0008588235120251252,-0.013483840623088258,0.3333333333333333,6.453988243207952e-07,True,ADVANCED,False,-1
1,57,0.5700000000000001,50.0,50.0,1.0,-0.0009048200746664281,-0.01406333867990582,0.3333333333333333,6.731368403451954e-07,True,ADVANCED,False,-1
1,58,0.58,50.0,50.0,1.0,-0.0009516482325772594,-0.014644886931038615,0.3333333333333333,7.009729954171396e-07,True,ADVANCED,False,-1
1,59,0.59,50.0,50.0,1.0,-0.0009992997929089969,-0.015228280357055098,0.3333333333333333,7.288974756430478e-07,True,ADVANCED,False,-1
1,60,0.6,50.0,50.0,1.0,-0.0010477674487106734,-0.015813334440466884,0.3333333333333333,7.569014485252471e-07,True,ADVANCED,False,-1
1,61,0.61,50.0,50.0,1.0,-0.0010970445071524144,-0.016399883115534423,0.3333333333333333,7.849769648206818e-07,True,ADVANCED,False,-1
1,62,0.62,50.0,50.0,1.0,-0.001147125094566857,-0.016987776923092123,0.3333333333333333,8.131168702141279e-07,True,ADVANCED,False,-1
1,63,0.63,50.0,50.0,1.0,-0.001198003838055397,-0.017576881349890952,0.3333333333333333,8.413147258243786e-07,True,ADVANCED,False,-1
1,64,0.64,50.0,50.0,1.0,-0.001249675921992723,-0.01816707533400679,0.3333333333333333,8.695647366600378e-07,True,ADVANCED,False,-1
1,65,0.65,50.0,50.0,1.0,-0.001302137052283506,-0.018758249919707915,0.3333333333333333,8.978616872299116e-07,True,ADVANCED,False,-1
1,66,0.66,50.0,50.0,1.0,-0.00135538326099063,-0.019350307046835796,0.3333333333333333,9.262008835925005e-07,True,ADVANCED,False,-1
1,67,0.67,50.0,50.0,1.0,-0.0014094111168582155,-0.01994315846124774,0.3333333333333333,9.545781012006509e-07,True,ADVANCED,False,-1
1,68,0.68,50.0,50.0,1.0,-0.001464217375213949,-0.020536724734215334,0.3333333333333333,9.829895379618286e-07,True,ADVANCED,False,-1
1,69,0.6900000000000001,50.0,50.0,1.0,-0.0015197991991188994,-0.021130934379883008,0.3333333333333333,1.0114317719924326e-06,True,ADVANCED,False,-1
1,70,0.7000000000000001,50.0,50.0,1.0,-0.0015761540852874917,-0.021725723060980737,0.3333333333333333,1.0399017235967334e-06,True,ADVANCED,False,-1
1,71,0.71,50.0,50.0,1.0,-0.0016332797274714295,-0.022321032873965512,0.3333333333333333,1.0683966210479572e-06,True,ADVANCED,False,-1
1,72,0.72,50.0,50.0,1.0,-0.0016911739834332919,-0.022916811705648625,0.3333333333333333,1.0969139697912986e-06,True,ADVANCED,False,-1
1,73,0.73,50.0,50.0,1.0,-0.0017498350783696052,-0.023513012654160233,0.3333333333333333,1.125451524726657e-06,True,ADVANCED,False,-1
1,74,0.74,50.0,50.0,1.0,-0.0018092612783992387,-0.02410959350781748,0.3333333333333333,1.154007265263122e-06,True,ADVANCED,False,-1
1,75,0.75,50.0,50.0,1.0,-0.0018694510330206108,-0.024706516276105803,0.3333333333333333,1.1825793728680263e-06,True,ADVANCED,False,-1
1,76,0.76,50.0,50.0,1.0,-0.001930403086669828,-0.025303746767562082,0.3333333333333333,1.211166210861106e-06,True,ADVANCED,False,-1
1,77,0.77,50.0,50.0,1.0,-0.001992116126152016,-0.025901254209869523,0.3333333333333333,1.2397663062292568e-06,True,ADVANCED,False,-1
1,78,0.78,50.0,50.0,1.0,-0.0020545890961566416,-0.026499010907943002,0.3333333333333333,1.2683783332598213e-06,True,ADVANCED,False,-1
1,79,0.79,50.0,50.0,1.0,-0.002117820983620942,-0.027096991936205916,0.3333333333333333,1.297001098810555e-06,True,ADVANCED,False,-1
1,80,0.8,50.0,50.0,1.0,-0.0021818108701265227,-0.02769517486163931,0.3333333333333333,1.3256335290525982e-06,True,ADVANCED,False,-1
1,81,0.81,50.0,50.0,1.0,-0.0022465580523310137,-0.028293539494526142,0.3333333333333333,1.3542746575391578e-06,True,ADVANCED,False,-1
1,82,0.8200000000000001,50.0,50.0,1.0,-0.0023120616640788768,-0.02889206766412106,0.3333333333333333,1.3829236144673202e-06,True,ADVANCED,False,-1
1,83,0.8300000000000001,50.0,50.0,1.0,-0.0023783211989444218,-0.02949074301675326,0.3333333333333333,1.4115796170136864e-06,True,ADVANCED,False,-1
1,84,0.84,50.0,50.0,1.0,-0.002445335967997121,-0.030089550834119003,0.3333333333333333,1.4402419606364457e-06,True,ADVANCED,False,-1
1,85,0.85,50.0,50.0,1.0,-0.002513105457780342,-0.030688477869744935,0.3333333333333333,1.4689100112472396e-06,True,ADVANCED,False,-1
1,86,0.86,50.0,50.0,1.0,-0.0025816292894492703,-0.031287512201805034,0.3333333333333333,1.4975831981658445e-06,True,ADVANCED,False,-1
1,87,0.87,50.0,50.0,1.0,-0.002650906878904163,-0.031886643100655886,0.3333333333333333,1.5262610077793804e-06,True,ADVANCED,False,-1
1,88,0.88,50.0,50.0,1.0,-0.0027209379968842276,-0.032485860909618414,0.3333333333333333,1.5549429778356053e-06,True,ADVANCED,False,-1
1,89,0.89,50.0,50.0,1.0,-0.0027917221972460085,-0.03308515693768145,0.3333333333333333,1.5836286923068733e-06,True,ADVANCED,False,-1
1,90,0.9,50.0,50.0,1.0,-0.0028632591783798967,-0.03368452336293493,0.3333333333333333,1.612317776767701e-06,True,ADVANCED,False,-1
1,91,0.91,50.0,50.0,1.0,-0.002935548678828684,-0.03428395314565982,0.3333333333333333,1.641009894234574e-06,True,ADVANCED,False,-1
1,92,0.92,50.0,50.0,1.0,-0.003008590473272318,-0.03488343995010898,0.3333333333333333,1.6697047414217748e-06,True,ADVANCED,False,-1
1,93,0.93,50.0,50.0,1.0,-0.003082384302300809,-0.03548297807410997,0.3333333333333333,1.6984020453716237e-06,True,ADVANCED,False,-1
1,94,0.9400000000000001,50.0,50.0,1.0,-0.0031569299357752647,-0.03608256238570762,0.3333333333333333,1.7271015604216976e-06,True,ADVANCED,False,-1
1,95,0.9500000000000001,50.0,50.0,1.0,-0.003232227236514164,-0.03668218826614225,0.3333333333333333,1.755803065475326e-06,True,ADVANCED,False,-1
1,96,0.96,50.0,50.0,1.0,-0.003308276024432193,-0.03728185155853017,0.3333333333333333,1.7845063615450351e-06,True,ADVANCED,False,-1
1,97,0.97,50.0,50.0,1.0,-0.0033850761407826684,-0.03788154852167605,0.3333333333333333,1.8132112695416473e-06,True,ADVANCED,False,-1
1,98,0.98,50.0,50.0,1.0,-0.003462627512637056,-0.03848127578850409,0.3333333333333333,1.8419176282844704e-06,True,ADVANCED,False,-1
1,99,0.99,50.0,50.0,1.0,-0.0035409299178176595,-0.039081030328646085,0.3333333333333333,1.8706252927104681e-06,True,ADVANCED,False,-1
2,0,0.0,1.3867991282164693,-0.3919916375625453,0.19938650813431083,0.0,0.0,0.3333333333333333,0.0,True,ADVANCED,False,-1
2,1,0.01,1.3740565917529426,-0.3920197431955142,0.19938640513583752,-8.527296251879094e-08,4.7038996507505437e-07,0.3333333333333333,2.2994048726181372e-11,True,ADVANCED,False,-1
2,2,0.02,1.3777018757842594,-0.38853400149405937,0.199386304566914,-2.486653286621015e-07,1.3641646254772204e-06,0.3333333333333333,6.667816041146905e-11,True,ADVANCED,False,-1
2,3,0.03,1.383631453907893,-0.39041222214441706,0.19938620797044462,-4.845156631721585e-07,2.6348026216320414e-06,0.3333333333333333,1.2879148839201703e-10,True,ADVANCED,False,-1
2,4,0.04,1.3770610600803213,-0.3843908719746421,0.19938611149610824,-7.881188628120532e-07,4.246871484744681e-06,0.3333333333333333,2.076014776789876e-10,True,ADVANCED,False,-1
2,5,0.05,1.3832908917712283,-0.38909923913444117,0.19938602088313678,-1.1543204722286418e-06,6.159002507915629e-06,0.3333333333333333,3.010971501589954e-10,True,ADVANCED,False,-1
2,6,0.06,1.3634464164988,-0.3878961602519802,0.19938593454020243,-1.5793127778475079e-06,8.346839515730812e-06,0.3333333333333333,4.080774417766696e-10,True,ADVANCED,False,-1
2,7,0.07,1.3790768782016678,-0.4016173388392992,0.19938584622024527,-2.0580943870265446e-06,1.0781368215066858e-05,0.3333333333333333,5.271153849887737e-10,True,ADVANCED,False,-1
2,8,0.08,1.3975523447335987,-0.40892897245561477,0.19938576575084865,-2.5883025346134796e-06,1.3454384851076463e-05,0.3333333333333333,6.57770674871264e-10,True,ADVANCED,False,-1
2,9,0.09,1.3713628315532493,-0.37643086379124696,0.19938568719134786,-3.1679481255701546e-06,1.6350814590431842e-05,0.3333333333333333,7.993104567504459e-10,True,ADVANCED,False,-1
2,10,0.1,1.3616597160306811,-0.3701666192065876,0.19951231507118541,-3.792614366284537e-06,1.9409318392401176e-05,0.3333333333333333,9.488104244278022e-10,True,ADVANCED,False,-1
2,11,0.11,1.376055215579981,-0.38693605551711135,0.1995082730582355,-4.4592320596383096e-06,2.2606171757221472e-05,0.3333333333333333,1.1049467009873492e-09,True,ADVANCED,False,-1
2,12,0.12,1.3726202658362137,-0.36658952144734935,0.19950437205125368,-5.1665514585108605e-06,2.5947663052179982e-05,0.3333333333333333,1.268002670718679e-09,True,ADVANCED,False,-1
2,13,0.13,1.362942131404047,-0.38548481231311776,0.19950063616132468,-5.912377963535989e-06,2.939491264337885e-05,0.3333333333333333,1.4361502413166003e-09,True,ADVANCED,False,-1
2,14,0.14,1.3471727667286235,-0.370603368555125,0.19949686243777978,-6.694255262792405e-06,3.2960019050232653e-05,0.3333333333333333,1.6099396638342256e-09,True,ADVANCED,False,-1
2,15,0.15,1.3447745297367641,-0.3792135559447981,0.1994934030147792,-7.5097504205064594e-06,3.6613338858666004e-05,0.3333333333333333,1.787963021307446e-09,True,ADVANCED,False,-1
2,16,0.16,1.3643748155392486,-0.37573338695190606,0.19948993012854987,-8.357262899322122e-06,4.0356382953388237e-05,0.3333333333333333,1.970286030153006e-09,True,ADVANCED,False,-1
2,17,0.17,1.3499039227187404,-0.3777245255678108,0.19948656405432974,-9.236931919174321e-06,4.41760027029787e-05,0.3333333333333333,2.1562966228412503e-09,True,ADVANCED,False,-1
2,18,0.18,1.3576972620225507,-0.38261273245697974,0.19948348702520824,-1.014662201379726e-05,4.806692990828937e-05,0.3333333333333333,2.345728419285476e-09,True,ADVANCED,False,-1
2,19,0.19,1.373272173078707,-0.3810069230641896,0.19948008731376674,-1.1085837045544136e-05,5.202789967201492e-05,0.3333333333333333,2.5385305969589603e-09,True,ADVANCED,False,-1
2,20,0.2,1.2437234167908011,-0.3390778904342782,0.1997699007993243,-1.2054627360859543e-05,5.604998076704229e-05,0.3333333333333333,2.734272088965475e-09,True,ADVANCED,False,-1
2,21,0.21,1.2395346967516472,-0.3610819121997042,0.19976124540802073,-1.3044127680689454e-05,6.007674722108508e-05,0.3333333333333333,2.9296277653380834e-09,True,ADVANCED,False,-1
2,22,0.22,1.2348818969097337,-0.35547168476540947,0.19975287656673088,-1.4053887517400576e-05,6.413413532435646e-05,0.3333333333333333,3.1259268125657855e-09,True,ADVANCED,False,-1
2,23,0.23,1.231944658861952,-0.36163748446220095,0.19974388406858437,-1.5083480248673104e-05,6.821235063900877e-05,0.3333333333333333,3.322826376172361e-09,True,ADVANCED,False,-1
2,24,0.24,1.2402138620990033,-0.34172246950007434,0.1997354769786453,-1.6132531589392982e-05,7.231670940353661e-05,0.3333333333333333,3.5206767051643355e-09,True,ADVANCED,False,-1
2,25,0.25,-2.909539270281541,19.06091452442374,0.6566365161542785,-1.7201506965528714e-05,7.642069925499454e-05,0.3333333333333333,3.7183359313704415e-09,True,ADVANCED,False,-1
2,26,0.26,-5.787501779500091,47.00704509104845,0.4299501745202783,-1.803502564108196e-05,5.7241192691977794e-05,0.3333333333333333,2.8253515625217927e-09,True,ADVANCED,False,-1
2,27,0.27,17.51226437748492,-14.248381878407164,0.05999272375077322,-1.8475265819982415e-05,-1.6428817324050534e-05,0.3333333333333333,1.0577219931943394e-09,True,ADVANCED,False,-1
2,28,0.28,-56.142833427757026,-52.11637611682364,0.03101687091765895,-1.9985866929693488e-05,-6.563376808441755e-05,0.3333333333333333,3.225336824223286e-09,True,ADVANCED,False,-1
2,29,0.29,10.66583282363684,-27.59571606366353,-0.22399552573709108,-1.7956214419900017e-05,-4.7378572428568663e-05,0.3333333333333333,2.3537417833847046e-09,True,ADVANCED,False,-1
2,30,0.3,-7.099536852031017,2.0273577288221816,-0.22742445586403703,-1.676491744452815e-05,2.165962938106162e-06,0.3333333333333333,6.182095753727243e-10,True,ADVANCED,False,-1
2,31,0.31,2.9876784201175433,-34.51981855090607,0.3127094055037016,-1.5251500176500788e-05,4.432321549359911e-05,0.3333333333333333,2.174940997567207e-09,True,ADVANCED,False,-1
2,32,0.32,-9.065195302720703,-18.057051444953938,0.7556834553526812,-1.4057907295345451e-05,0.000123688525054605,0.3333333333333333,5.9211926358130385e-09,True,ADVANCED,False,-1
2,33,0.33,-30.698323530542318,24.34674987293169,-0.16625412776142395,-1.2415388147832879e-05,0.0002167857653934532,0.3333333333333333,1.0356910263762904e-08,True,ADVANCED,False,-1
2,34,0.34,-57.762026140199985,-40.19037802603834,0.25904608469861307,-9.024834473626206e-06,0.0002713571818509246,0.3333333333333333,1.2958485925169856e-08,True,ADVANCED,False,-1
2,35,0.35000000000000003,6.179010652853,-3.8060528332599683,0.1096452293716025,-2.3505602288599986e-06,0.0003686999102939369,0.3333333333333333,1.7605762338739466e-08,True,ADVANCED,False,-1
2,36,0.36,-20.571726517518712,-14.149769358851696,0.5171019501890168,3.433351053787042e-06,0.0004608756292926337,0.3333333333333333,2.2009661511032918e-08,True,ADVANCED,False,-1
2,37,0.37,-51.85898343970602,9.383296494289638,0.0844289596129796,1.0051825226830137e-05,0.0005608134996221608,0.3333333333333333,2.678723016806275e-08,True,ADVANCED,False,-1
2,38,0.38,19.37667564672588,30.576147819422467,0.4793272981954353,1.9376412539821452e-05,0.0006394976271255948,0.3333333333333333,3.0555707073392554e-08,True,ADVANCED,False,-1
2,39,0.39,-8.257524016252393,9.585517989160072,0.4925958318283857,2.6833308707126687e-05,0.0006736219644954449,0.3333333333333333,3.21972119868612e-08,True,ADVANCED,False,-1
2,40,0.4,-5.572722368674959,-33.1793974343691,-0.1588619872242012,3.427975821895311e-05,0.0006928312465412878,0.3333333333333333,3.312963890527664e-08,True,ADVANCED,False,-1
2,41,0.41000000000000003,40.7076247703114,-2.1749932235727623,0.5010598693676073,4.1563981032256965e-05,0.0007499348773036396,0.3333333333333333,3.586983172172674e-08,True,ADVANCED,False,-1
2,42,0.42,-19.332177986636008,10.837848748780374,0.6614109699397908,4.586439443803081e-05,0.0008039381368578372,0.3333333333333333,3.845307182702122e-08,True,ADVANCED,False,-1
2,43,0.43,46.965183020765586,-78.58463838081977,0.4465707513125672,5.1110790992391036e-05,0.0008395356519580333,0.3333333333333333,4.0160920146257165e-08,True,ADVANCED,False,-1
2,44,0.44,-8.958610574473417,2.7615386381543563,-0.3962706743802678,5.31602204555162e-05,0.0009658749816053036,0.3333333333333333,4.618518484897178e-08,True,ADVANCED,False,-1
2,45,0.45,10.754447969236153,44.328002211415146,0.04451893451790581,5.570124307141803e-05,0.0010762665319220832,0.3333333333333333,5.145170437872074e-08,True,ADVANCED,False,-1
2,46,0.46,-15.016482820858153,27.461509619507726,0.2986253328979053,5.7485795573769985e-05,0.0011224253245535728,0.3333333333333333,5.365401958697216e-08,True,ADVANCED,False,-1
2,47,0.47000000000000003,15.435281404316072,2.9219426037948466,0.4905934971598668,6.0158342773632865e-05,0.001131014426378524,0.3333333333333333,5.4067218399123493e-08,True,ADVANCED,False,-1
2,48,0.48,-9.811274313056098,-11.755328451581548,-0.23905448443963556,6.177978789938326e-05,0.0011352382868962663,0.3333333333333333,5.427027397694909e-08,True,ADVANCED,False,-1
2,49,0.49,7.841876563130557,0.1600367721830643,0.12962385998745596,6.39847627203724e-05,0.0011531461555038267,0.3333333333333333,5.51279252171372e-08,True,ADVANCED,False,-1
2,50,0.5,-12.775049382783378,-10.263484832086732,-0.04068318076648564,6.564398460641912e-05,0.0011690711931235795,0.3333333333333333,5.588928514820314e-08,True,ADVANCED,False,-1
2,51,0.51,11.973012668210531,56.60031208238234,0.2523733438495517,6.806819908533654e-05,0.001195719908779564,0.3333333333333333,5.7165700730592705e-08,True,ADVANCED,False,-1
2,52,0.52,-2.381387570894986,-57.576494390063516,0.19204583736523495,6.967799093331893e-05,0.0011517833783704645,0.3333333333333333,5.507503204093416e-08,True,ADVANCED,False,-1
2,53,0.53,73.75252524936694,-5.776940205265045,0.2904642027000838,7.14197601395256e-05,0.0011813322942697125,0.3333333333333333,5.648776008433747e-08,True,ADVANCED,False,-1
2,54,0.54,-35.21202195536903,34.291823465893984,0.4255799098060322,6.860154943622124e-05,0.0012148586468248939,0.3333333333333333,5.8080016187040836e-08,True,ADVANCED,False,-1
2,55,0.55,-27.431438264925298,42.07907072948656,-0.22055531883768426,6.82700807034314e-05,0.0012038821759647242,0.3333333333333333,5.7555842233829055e-08,True,ADVANCED,False,-1
2,56,0.56,65.5506273584152,-29.736228618573595,0.030110681119168453,6.97509984694936e-05,0.0011435084673147161,0.3333333333333333,5.467789193199576e-08,True,ADVANCED,False,-1
2,57,0.5700000000000001,-15.253815586274872,-46.52324859364426,0.22056889244180822,6.718579548049812e-05,0.0011248556038719795,0.3333333333333333,5.377928206117968e-08,True,ADVANCED,False,-1
2,58,0.58,14.06513612691745,-27.589674555188253,0.6649803215052619,6.585025206894204e-05,0.0011638959250856605,0.3333333333333333,5.563462360343796e-08,True,ADVANCED,False,-1
2,59,0.59,-9.812596120054227,24.411143446580507,-0.16925929493018654,6.384116871654588e-05,0.001232139823644129,0.3333333333333333,5.888520636828431e-08,True,ADVANCED,False,-1
2,60,0.6,39.094552743436395,-48.23786322253721,0.2553901575596913,6.267324494231272e-05,0.0012642659602104696,0.3333333333333333,6.041671420502112e-08,True,ADVANCED,False,-1
2,61,0.61,23.34195454430136,-37.111766064180664,-0.1961369839252829,5.926937936398277e-05,0.0013510649189867703,0.3333333333333333,6.455335326672965e-08,True,ADVANCED,False,-1
2,62,0.62,8.806162426955966,7.521758543991566,0.3039344628490927,5.476319681795494e-05,0.0014737181011618761,0.3333333333333333,7.040074898177395e-08,True,ADVANCED,False,-1
2,63,0.63,6.8460397600698,8.796717938609715,-0.014305425407910327,5.012396035322795e-05,0.0015750798548660736,0.3333333333333333,7.523294529939848e-08,True,ADVANCED,False,-1
2,64,0.64,14.086225685081484,-35.73408237082261,0.3969660825901489,4.547223766299096e-05,0.001655749371673013,0.3333333333333333,7.908039496551318e-08,True,ADVANCED,False,-1
2,65,0.65,23.49509525881776,34.758093522362444,-0.04620469550551312,4.0353813055578035e-05,0.001771232835643663,0.3333333333333333,8.458739607156548e-08,True,ADVANCED,False,-1
2,66,0.66,12.267588225620464,24.673973573354736,0.7690378947961842,3.421549947042807e-05,0.001833458240990009,0.3333333333333333,8.755504670451971e-08,True,ADVANCED,False,-1
2,67,0.67,-22.73418473260191,-26.657107595213684,-0.04474308548963146,2.781460089475252e-05,0.001859852337513121,0.3333333333333333,8.88120381031484e-08,True,ADVANCED,False,-1
2,68,0.68,10.096064814392799,8.290683387940849,0.4481549747108071,2.331155827920061e-05,0.0019155955534976385,0.3333333333333333,9.147177249705277e-08,True,ADVANCED,False,-1
2,69,0.6900000000000001,43.48133920873108,-7.94939036659468,1.0160507499768856,1.8531643156358892e-05,0.0019558156278178056,0.3333333333333333,9.339126285606742e-08,True,ADVANCED,False,-1
2,70,0.7000000000000001,-25.70388261909012,-32.12706925618481,0.3447417245729556,1.1434201820814947e-05,0.002001552963145489,0.3333333333333333,9.557548477241011e-08,True,ADVANCED,False,-1
2,71,0.71,21.44216728277361,14.197538291241322,0.17815132620293817,6.440582753955395e-06,0.0020812690480472877,0.3333333333333333,9.938156761071154e-08,True,ADVANCED,False,-1
2,72,0.72,-45.43233865382852,-13.400219148233417,0.4569196382970417,4.79586374976244e-07,0.0021359764785089863,0.3333333333333333,1.0199499379192666e-07,True,ADVANCED,False,-1
2,73,0.73,-37.352652352474536,5.188600649488898,0.31559521391865103,-2.2714537233193824e-06,0.0022012934289019474,0.3333333333333333,1.051142266252861e-07,True,ADVANCED,False,-1
2,74,0.74,4.6258184084111384,1.747144522827726,-0.14289108934918693,-2.5623524442852977e-06,0.0022538523634760645,0.3333333333333333,1.0762291263746167e-07,True,ADVANCED,False,-1
2,75,0.75,16.831517190481044,32.4925406279661,0.5161406156104709,-3.164693349951609e-06,0.0022990588311653033,0.3333333333333333,1.097812981619084e-07,True,ADVANCED,False,-1
2,76,0.76,-28.13905721464388,15.440411988478733,0.35413578527366263,-4.804960587320214e-06,0.002300753603332094,0.3333333333333333,1.0986262142179915e-07,True,ADVANCED,False,-1
2,77,0.77,115.59465503972919,17.12240960347676,0.5406696920541797,-4.638940805062221e-06,0.0022837504038959572,0.3333333333333333,1.0905110793313917e-07,True,ADVANCED,False,-1
2,78,0.78,19.543155531544063,-9.459244069895872,0.42769076614798024,-1.1644626780042926e-05,0.0022479006328794612,0.3333333333333333,1.073436681783082e-07,True,ADVANCED,False,-1
2,79,0.79,-7.102188278698982,-14.567225507503185,0.2245622418158968,-1.937109783078645e-05,0.0022269869318482286,0.3333333333333333,1.0634994265663252e-07,True,ADVANCED,False,-1
2,80,0.8,-56.349791623544704,20.57198684918905,-0.2838147613568955,-2.6136910004001944e-05,0.002225645271528649,0.3333333333333333,1.0629103549755904e-07,True,ADVANCED,False,-1
2,81,0.81,32.31933618338638,1.9353576700870938,-0.12332343337879181,-2.8998730612685188e-05,0.0021997513930217434,0.3333333333333333,1.050553233313374e-07,True,ADVANCED,False,-1
2,82,0.8200000000000001,20.045943043450116,-21.89800622926988,0.26493757687459246,-3.371561434906426e-05,0.0021741244731608026,0.3333333333333333,1.0383492479679777e-07,True,ADVANCED,False,-1
2,83,0.8300000000000001,-19.869835715617796,64.31577688797641,0.39017570669540336,-3.9395667300992144e-05,0.0021773378527605463,0.3333333333333333,1.0399292544016051e-07,True,ADVANCED,False,-1
2,84,0.84,5.259078655800146,-19.863326246813813,0.4557300004388672,-4.351785630024568e-05,0.002103050962134404,0.3333333333333333,1.0045026520512492e-07,True,ADVANCED,False,-1
2,85,0.85,-3.7894574440194297,15.15348698548886,0.4597265582510364,-4.7753572975548614e-05,0.00206002875206675,0.3333333333333333,9.840103990396267e-08,True,ADVANCED,False,-1
2,86,0.86,-10.381152696190064,-14.245168356900635,0.004001230227886454,-5.154291023753674e-05,0.0020031245786235967,0.3333333333333333,9.568943666150957e-08,True,ADVANCED,False,-1
2,87,0.87,11.818514507842707,-37.827934083865514,0.47535858411643284,-5.451938347377899e-05,0.001969005024553574,0.3333333333333333,9.40652545110284e-08,True,ADVANCED,False,-1
2,88,0.88,30.626485629887267,-45.572739065112955,0.05472977814012461,-5.811405155215624e-05,0.001983690946792079,0.3333333333333333,9.476971206823168e-08,True,ADVANCED,False,-1
2,89,0.89,-21.580616766860693,13.306214975210441,0.432390216028801,-6.343943990162443e-05,0.0020515955636850104,0.3333333333333333,9.801452317680009e-08,True,ADVANCED,False,-1
2,90,0.9,-0.6461378000830424,-97.21889184621743,-0.10731629240028695,-6.715770955688579e-05,0.0020967422609176507,0.3333333333333333,1.0017035362307716e-07,True,ADVANCED,False,-1
2,91,0.91,-36.269316952070696,48.959095186561015,-0.22904241338818976,-7.068466857154874e-05,0.0022540369586413955,0.3333333333333333,1.076785088524286e-07,True,ADVANCED,False,-1
2,92,0.92,5.063000201640666,43.23738158674331,-0.23075864535383178,-7.184764078804203e-05,0.0023368512723682313,0.3333333333333333,1.1162931018900225e-07,True,ADVANCED,False,-1
2,93,0.93,1.4611883364822003,-29.449911061087782,0.3386310422789812,-7.337058781681258e-05,0.002359499296817823,0.3333333333333333,1.127096086623279e-07,True,ADVANCED,False,-1
2,94,0.9400000000000001,-16.863212725298503,2.092677958886313,0.08440592094147195,-7.500358505251868e-05,0.00241522241209547,0.3333333333333333,1.1536850998422588e-07,True,ADVANCED,False,-1
2,95,0.9500000000000001,21.004797716494597,47.57608016586049,-0.17134464964805468,-7.56108503274173e-05,0.0024628620022939447,0.3333333333333333,1.1764056378718215e-07,True,ADVANCED,False,-1
2,96,0.96,-57.4207684796987,-4.557941391627553,0.37649516194537297,-7.759858223123122e-05,0.0024486463372727666,0.3333333333333333,1.1696263231806425e-07,True,ADVANCED,False,-1
2,97,0.97,-17.55486705866609,-6.249705720514967,0.05209971960235016,-7.603704904316745e-05,0.0024413217684228945,0.3333333333333333,1.1660993635294492e-07,True,ADVANCED,False,-1
2,98,0.98,26.64818650624682,10.715209128633367,-0.00787287857819624,-7.364675246147272e-05,0.0024422293033210447,0.3333333333333333,1.1665044279250747e-07,True,ADVANCED,False,-1
2,99,0.99,10.386640845450454,24.37930716291198,0.3888886525770837,-7.32028233192714e-05,0.0024301878337734243,0.3333333333333333,1.1607575181197989e-07,True,ADVANCED,False,-1
3,0,0.0,0.0067867319771243405,0.015005558469217873,0.2,0.0,0.0,0.3333333333333333,0.0,True,ADVANCED,False,-1
3,1,0.01,0.002407121258256528,-0.02974586856049409,0.2,-4.072039186274604e-10,-1.8006670163061447e-08,0.3333333333333333,1.1431758985471126e-12,True,ADVANCED,False,-1
3,2,0.02,-0.0021560671109631165,0.018652935289139243,0.2,-9.514214116262357e-10,1.4823689627761638e-09,0.3333333333333333,2.2385055597868874e-12,True,ADVANCED,False,-1
3,3,0.03,-0.006864692057995769,0.00616632700146842,0.2,-1.3151837977412733e-09,-3.361018170937098e-09,0.3333333333333333,4.337752849885134e-12,True,ADVANCED,False,-1
3,4,0.04,0.0031061764025742756,-0.003812220869694891,0.2,-1.2340190908388595e-09,-1.5119658993041214e-08,0.3333333333333333,7.014136228518028e-12,True,ADVANCED,False,-1
3,5,0.05,0.023538579815701306,-0.023093389809233516,0.2,-1.3506721078546003e-09,-2.1127770689301283e-08,0.3333333333333333,1.0129961821087093e-11,True,ADVANCED,False,-1
3,6,0.06,0.00803463338896749,-0.009735902798066248,0.2,-2.904611971922888e-09,1.176996555144684e-09,0.3333333333333333,1.360262853803491e-11,True,ADVANCED,False,-1
3,7,0.07,-0.005095498209403736,0.0053850474054629735,0.2,-4.85851057254831e-09,3.293437043282622e-08,0.3333333333333333,1.755217145874271e-11,True,ADVANCED,False,-1
3,8,0.08,-0.0003625466799081251,-0.00014221033673425174,0.2,-6.3246120968446434e-09,5.505395003618493e-08,0.3333333333333333,2.1874962147574233e-11,True,ADVANCED,False,-1
3,9,0.09,0.002723797497354831,-0.005908234275769698,0.2,-7.668980034954015e-09,7.513222408328914e-08,0.3333333333333333,2.6491818793273073e-11,True,ADVANCED,False,-1
3,10,0.1,-0.05304956878176457,0.00589416299170861,0.2,-9.125605755944584e-09,1.002925518566065e-07,0.3333333333333333,3.1467596199170704e-11,True,ADVANCED,False,-1
3,11,0.11,-0.07075436220608024,-0.005697266514417947,0.2,-7.17698938923695e-09,1.1586385126254165e-07,0.3333333333333333,4.431839245817842e-11,True,ADVANCED,False,-1
3,12,0.12,-0.04804463796220037,0.004843126503538259,0.2,-1.0580688401879142e-09,1.367147405451741e-07,0.3333333333333333,6.436147226201692e-11,True,ADVANCED,False,-1
3,13,0.13,-0.06092336684715496,-0.003732778069151247,0.2,7.531478076098538e-09,1.496687890952727e-07,0.3333333333333333,9.083546756281487e-11,True,ADVANCED,False,-1
3,14,0.14,-0.046393155468476735,-0.004630826304677008,0.2,1.9237216542646584e-08,1.6580676647330906e-07,0.3333333333333333,1.231863582858609e-10,True,ADVANCED,False,-1
3,15,0.15,-0.050250638680487576,0.014802562457876936,0.2,3.293899743410042e-08,1.8588793767910738e-07,0.3333333333333333,1.6087352823846845e-10,True,ADVANCED,False,-1
3,16,0.16,-0.044510327210115636,-0.0169755200242334,0.2,4.8668665500674114e-08,1.8619791681482044e-07,0.3333333333333333,2.0324733166669321e-10,True,ADVANCED,False,-1
3,17,0.17,-0.04471971968184773,-0.001193146785583334,0.2,6.607552281199064e-08,2.068475220659813e-07,0.3333333333333333,2.499079558578482e-10,True,ADVANCED,False,-1
3,18,0.18,-0.03909041020372234,0.012975427779093848,0.2,8.498442997740951e-08,2.2686394293466223e-07,0.3333333333333333,3.004262446050982e-10,True,ADVANCED,False,-1
3,19,0.19,-0.06457853630056444,-0.01130926288474412,0.2,1.0494739147170065e-07,2.2930820838149646e-07,0.3333333333333333,3.5438415262136255e-10,True,ADVANCED,False,-1
3,20,0.2,-0.2999932341291336,0.0005904094315775964,0.2,1.2756148421963087e-07,2.450791627452793e-07,0.3333333333333333,4.1153265604189795e-10,True,ADVANCED,False,-1
3,21,0.21,-0.2854700653991159,-0.003935021482688178,0.2,1.671061412688286e-07,2.58564530354702e-07,0.3333333333333333,4.732953529033899e-10,True,ADVANCED,False,-1
3,22,0.22,-0.29964356436745476,-0.021378905355869567,0.2,2.2140660434699045e-07,2.754233869819391e-07,0.3333333333333333,5.391438524958992e-10,True,ADVANCED,False,-1
3,23,0.23,-0.29870353057187204,-0.006101134786418791,0.2,2.903572871648162e-07,3.162510443726628e-07,0.3333333333333333,6.087769381841614e-10,True,ADVANCED,False,-1
3,24,0.24,-0.30404499866365897,-0.008131919194824228,0.2,3.7282978467124407e-07,3.6031729776678915e-07,0.3333333333333333,6.817687481526131e-10,True,ADVANCED,False,-1
3,25,0.25,0.11975802774444207,-0.0014700787219527557,-0.08000000000000002,4.6824204380783694e-07,4.097352288536729e-07,0.3333333333333333,7.57771098353937e-10,True,ADVANCED,False,-1
3,26,0.26,0.11960132609201056,0.0051837184709505124,-0.08000000000000002,5.497486720712886e-07,4.5597546129619195e-07,0.3333333333333333,8.220702266911098e-10,True,ADVANCED,False,-1
3,27,0.27,0.10737737998831057,0.002177826259991094,-0.08000000000000002,6.185264798200952e-07,4.913712083277336e-07,0.3333333333333333,8.758090534799934e-10,True,ADVANCED,False,-1
3,28,0.28,0.10797844916003461,-0.007909008444824337,-0.08000000000000002,6.764185830873394e-07,5.206139891429483e-07,0.3333333333333333,9.200497770275281e-10,True,ADVANCED,False,-1
3,29,0.29,0.12470007591755153,-0.004168151642565891,-0.08000000000000002,7.243509227460811e-07,5.564233020095784e-07,0.3333333333333333,9.557540910168481e-10,True,ADVANCED,False,-1
3,30,0.3,0.09935119575220588,-0.00029120864128717223,-0.08000000000000002,7.620996840618987e-07,5.936534655600787e-07,0.3333333333333333,9.837701053967822e-10,True,ADVANCED,False,-1
3,31,0.31,0.088687449542909,0.002189799402458614,-0.08000000000000002,7.9205760823975e-07,6.275100631248701e-07,0.3333333333333333,1.0051847414502325e-09,True,ADVANCED,False,-1
3,32,0.32,0.08426196395153432,9.410630948841997e-05,-0.08000000000000002,8.15477070312306e-07,6.553532416502635e-07,0.3333333333333333,1.0206741429270783e-09,True,ADVANCED,False,-1
3,33,0.33,0.08684496801131363,-0.00451860216533357,-0.08000000000000002,8.332241549204192e-07,6.802991747519391e-07,0.3333333333333333,1.0308284650108343e-09,True,ADVANCED,False,-1
3,34,0.34,0.09338279882071843,0.003680864484962947,-0.08000000000000002,8.455512474514174e-07,7.081728371422004e-07,0.3333333333333333,1.0361803235108097e-09,True,ADVANCED,False,-1
3,35,0.35000000000000003,0.0962862701947827,-0.0013187654405855279,-0.08000000000000002,8.524315518035314e-07,7.288420959119761e-07,0.3333333333333333,1.0372130046181708e-09,True,ADVANCED,False,-1
3,36,0.36,0.10170915160016177,-0.002155631406325771,-0.08000000000000002,8.541755864689079e-07,7.490269473341309e-07,0.3333333333333333,1.0343605863110653e-09,True,ADVANCED,False,-1
3,37,0.37,0.09611018997092767,0.004256826263863824,-0.08000000000000002,8.507084826750746e-07,7.697800713024707e-07,0.3333333333333333,1.0280108919324543e-09,True,ADVANCED,False,-1
3,38,0.38,0.09103671293852514,0.003432192452288157,-0.08000000000000002,8.428340012605343e-07,7.833496913583134e-07,0.3333333333333333,1.0185097891672294e-09,True,ADVANCED,False,-1
3,39,0.39,0.09852310010034333,0.0019334343204819528,-0.08000000000000002,8.311107711411994e-07,7.914437184669272e-07,0.3333333333333333,1.006149038826661e-09,True,ADVANCED,False,-1
3,40,0.4,-0.0929184416947208,-0.004529435153171309,-0.08000000000000002,8.153412571949165e-07,7.96408221681299e-07,0.3333333333333333,9.9122916857057e-10,True,ADVANCED,False,-1
3,41,0.41000000000000003,-0.08703030110301307,0.001409018552568766,-0.08000000000000002,8.075764524276544e-07,8.063115967593547e-07,0.3333333333333333,9.751042572632287e-10,True,ADVANCED,False,-1
3,42,0.42,-0.09024493485291203,0.00332226510000146,-0.08000000000000002,8.067458642128496e-07,8.135338120672671e-07,0.3333333333333333,9.57900547095912e-10,True,ADVANCED,False,-1
3,43,0.43,-0.0827943818965044,-0.0008978603492054596,-0.08000000000000002,8.125121517048868e-07,8.16047087724649e-07,0.3333333333333333,9.396984161926621e-10,True,ADVANCED,False,-1
3,44,0.44,-0.08910169682018518,-0.0019666379993842345,-0.08000000000000002,8.239184742640442e-07,8.193864682351631e-07,0.3333333333333333,9.206211506904529e-10,True,ADVANCED,False,-1
3,45,0.45,-0.0762806485560165,0.004420035845406494,-0.08000000000000002,8.408791873512537e-07,8.247518762933505e-07,0.3333333333333333,9.007717546528766e-10,True,ADVANCED,False,-1
3,46,0.46,-0.08504083518217004,-0.0046887876242062395,-0.08000000000000002,8.621795010973012e-07,8.242767005303552e-07,0.3333333333333333,8.80199394027977e-10,True,ADVANCED,False,-1
3,47,0.47000000000000003,-0.09083497136063307,0.008435794197649199,-0.08000000000000002,8.880642774112948e-07,8.294755874915741e-07,0.3333333333333333,8.590022062605116e-10,True,ADVANCED,False,-1
3,48,0.48,-0.0837888470496147,-0.0006938526846718251,-0.08000000000000002,9.18555944970097e-07,8.240316327181036e-07,0.3333333333333333,8.371996112030831e-10,True,ADVANCED,False,-1
3,49,0.49,-0.0861576622618728,-0.0017695659385115591,-0.08000000000000002,9.528809592700396e-07,8.199646966419532e-07,0.3333333333333333,8.148998083764171e-10,True,ADVANCED,False,-1
3,50,0.5,0.03400732243643045,0.0001939074811154371,-0.08000000000000002,9.908813812765967e-07,8.184279332978064e-07,0.3333333333333333,7.921397005465889e-10,True,ADVANCED,False,-1
3,51,0.51,0.0370108655211977,-0.004410547638823577,-0.08000000000000002,1.0250330618423928e-06,8.168121573087329e-07,0.3333333333333333,7.690399824472691e-10,True,ADVANCED,False,-1
3,52,0.52,0.034754769320065444,-0.004229360171204927,-0.08000000000000002,1.0554274197779152e-06,8.206506160833575e-07,0.3333333333333333,7.45641000347572e-10,True,ADVANCED,False,-1
3,53,0.53,0.032032159511630666,-0.0004581251145313733,-0.08000000000000002,1.0825122704058508e-06,8.29180461184355e-07,0.3333333333333333,7.220006843068465e-10,True,ADVANCED,False,-1
3,54,0.54,0.03200753678473577,0.001683599310165127,-0.08000000000000002,1.1067752597073139e-06,8.374070719112371e-07,0.3333333333333333,6.981413392514598e-10,True,ADVANCED,False,-1
3,55,0.55,0.029447331962003984,-0.00013559407437618005,-0.08000000000000002,1.1284234457898746e-06,8.427907023919093e-07,0.3333333333333333,6.740436875184855e-10,True,ADVANCED,False,-1
3,56,0.56,0.03978629750978058,-0.006622848575231219,-0.08000000000000002,1.1478186305596184e-06,8.477986827125526e-07,0.3333333333333333,6.497700349114308e-10,True,ADVANCED,False,-1
3,57,0.5700000000000001,0.026344474786721684,0.006749848421445767,-0.08000000000000002,1.1645058241716396e-06,8.602532832902873e-07,0.3333333333333333,6.253384802693071e-10,True,ADVANCED,False,-1
3,58,0.58,0.02218479069830719,-0.005201046878060832,-0.08000000000000002,1.1795623351050875e-06,8.633626057034943e-07,0.3333333333333333,6.007240381515048e-10,True,ADVANCED,False,-1
3,59,0.59,0.030627597108785022,-0.0032999698682215986,-0.08000000000000002,1.1933341992916721e-06,8.724022521280917e-07,0.3333333333333333,5.759869826823946e-10,True,ADVANCED,False,-1
3,60,0.6,0.07243706016550264,-0.005618780316184698,-0.08000000000000002,1.2053700383018231e-06,8.844978977511733e-07,0.3333333333333333,5.511352925390384e-10,True,ADVANCED,False,-1
3,61,0.61,0.07013983541489206,0.001377597829653421,-0.08000000000000002,1.2132882575027504e-06,9.021265151904987e-07,0.3333333333333333,5.262767002314753e-10,True,ADVANCED,False,-1
3,62,0.62,0.0728874251165814,-0.0012620696032200358,-0.08000000000000002,1.2175218789428266e-06,9.163391534895726e-07,0.3333333333333333,5.013537981879096e-10,True,ADVANCED,False,-1
3,63,0.63,0.06680809599162196,0.0006753110733144566,-0.08000000000000002,1.218114634900503e-06,9.306450114819785e-07,0.3333333333333333,4.763991605088144e-10,True,ADVANCED,False,-1
3,64,0.64,0.07353683745869903,0.00022980070255359977,-0.08000000000000002,1.2157554036426396e-06,9.427099103866417e-07,0.3333333333333333,4.5138280877319096e-10,True,ADVANCED,False,-1
3,65,0.65,0.08145744287452578,-0.00520425432412066,-0.08000000000000002,1.2101957713016755e-06,9.532925585573231e-07,0.3333333333333333,4.263165755255269e-10,True,ADVANCED,False,-1
3,66,0.66,0.06987592443718177,-0.0009843571277535071,-0.08000000000000002,1.2011306615526574e-06,9.690620470995038e-07,0.3333333333333333,4.0124527691448055e-10,True,ADVANCED,False,-1
3,67,0.67,0.07862129573596004,0.008244392447213903,-0.08000000000000002,1.1895455611993052e-06,9.844358153404688e-07,0.3333333333333333,3.7614461657400977e-10,True,ADVANCED,False,-1
3,68,0.68,0.0689573465136047,0.0019323531706118711,-0.08000000000000002,1.1750411815993285e-06,9.883789358204247e-07,0.3333333333333333,3.5096550477800433e-10,True,ADVANCED,False,-1
3,69,0.6900000000000001,0.06773703492550155,-0.0020991518528778105,-0.08000000000000002,1.158389367558537e-06,9.896089204474464e-07,0.3333333333333333,3.257891058978909e-10,True,ADVANCED,False,-1
3,70,0.7000000000000001,0.07020478633177495,-0.006005536424024463,-0.08000000000000002,1.1397748304750193e-06,9.932348888350464e-07,0.3333333333333333,3.0064903951712753e-10,True,ADVANCED,False,-1
3,71,0.71,0.07461848154119319,-0.00043953371682217484,-0.08000000000000002,1.1191058894675758e-06,1.0037049040925665e-06,0.3333333333333333,2.7577633770563604e-10,True,ADVANCED,False,-1
3,72,0.72,0.07530166928934007,-0.006193144245008664,-0.08000000000000002,1.0962432271582632e-06,1.0136553582844002e-06,0.3333333333333333,2.511007854533998e-10,True,ADVANCED,False,-1
3,73,0.73,0.07621889775668428,0.002853120161853852,-0.08000000000000002,1.0712519816638775e-06,1.0300425401509665e-06,0.3333333333333333,2.2674001827402116e-10,True,ADVANCED,False,-1
3,74,0.74,0.07084469794782197,0.000519868888739287,-0.08000000000000002,1.0441734041773047e-06,1.0413672596365804e-06,0.3333333333333333,2.0260701679100653e-10,True,ADVANCED,False,-1
3,75,0.75,0.07617095585719942,-0.005608343292907728,-0.08000000000000002,1.0154520824903877e-06,1.0509356645070944e-06,0.3333333333333333,1.7874989876469305e-10,True,ADVANCED,False,-1
3,76,0.76,0.07407169678822699,-0.00834388441705327,-0.08000000000000002,9.847795047712104e-07,1.066277240842006e-06,0.3333333333333333,1.5539315336288553e-10,True,ADVANCED,False,-1
3,77,0.77,0.071650395584303,-0.0014571454000290474,-0.08000000000000002,9.523834934330762e-07,1.0900973208438629e-06,0.3333333333333333,1.3275833089519388e-10,True,ADVANCED,False,-1
3,78,0.78,0.07024894499985589,-0.003815459683368676,-0.08000000000000002,9.184551044853174e-07,1.1132839673255499e-06,0.3333333333333333,1.1107595322526919e-10,True,ADVANCED,False,-1
3,79,0.79,0.07446223458049656,0.004309463900960547,-0.08000000000000002,8.831683800115725e-07,1.1387305007790966e-06,0.3333333333333333,9.102893723215392e-11,True,ADVANCED,False,-1
3,80,0.8,-0.04298142052947041,0.0032787848476669257,-0.08000000000000002,8.462464840740684e-07,1.1564610242061254e-06,0.3333333333333333,7.351640327160153e-11,True,ADVANCED,False,-1
3,81,0.81,-0.03744194359242719,-4.432929630419913e-07,-0.08000000000000002,8.149994731980098e-07,1.168483953473244e-06,0.3333333333333333,6.064183308710269e-11,True,ADVANCED,False,-1
3,82,0.8200000000000001,-0.04483161059012522,0.0009743674973203269,-0.08000000000000002,7.885807809662271e-07,1.1793051217651777e-06,0.3333333333333333,5.633471257193106e-11,True,ADVANCED,False,-1
3,83,0.8300000000000001,-0.035388105671328655,-0.002648465499668226,-0.08000000000000002,7.670175689156467e-07,1.1878749322310962e-06,0.3333333333333333,6.268051383345276e-11,True,ADVANCED,False,-1
3,84,0.84,-0.04005495684332969,0.00013291389715189584,-0.08000000000000002,7.493043081000686e-07,1.198765920249987e-06,0.3333333333333333,7.747617135087118e-11,True,ADVANCED,False,-1
3,85,0.85,-0.03786818386776627,-0.001112515290649532,-0.08000000000000002,7.353593291498444e-07,1.2084083127903764e-06,0.3333333333333333,9.699667602102734e-11,True,ADVANCED,False,-1
3,86,0.86,-0.03730372258132679,0.0007552017986900227,-0.08000000000000002,7.248044935938002e-07,1.2184214844254895e-06,0.3333333333333333,1.1907895309933198e-10,True,ADVANCED,False,-1
3,87,0.87,-0.03698891301042336,0.0015590512515068998,-0.08000000000000002,7.172802420916415e-07,1.2265270967386647e-06,0.3333333333333333,1.4258049926340357e-10,True,ADVANCED,False,-1
3,88,0.88,-0.04184200141369293,-0.0028556653334008975,-0.08000000000000002,7.124812810091085e-07,1.2319512863187367e-06,0.3333333333333333,1.6695293593335084e-10,True,ADVANCED,False,-1
3,89,0.89,-0.04164173286497936,0.006530634369592065,-0.08000000000000002,7.105794773858459e-07,1.240259855340929e-06,0.3333333333333333,1.91990586916866e-10,True,ADVANCED,False,-1
3,90,0.9,0.05805900565509941,0.00011306536358870458,-0.08000000000000002,7.112764300320927e-07,1.2399008062174665e-06,0.3333333333333333,2.1736075881250198e-10,True,ADVANCED,False,-1
3,91,0.91,0.05574967361347785,0.0036451712194320615,-0.08000000000000002,7.08266936297298e-07,1.2394419835701488e-06,0.3333333333333333,2.427239561119024e-10,True,ADVANCED,False,-1
3,92,0.92,0.06525278176297622,0.0031972350281218942,-0.08000000000000002,7.019569500007814e-07,1.2346548377243e-06,0.3333333333333333,2.679562922260846e-10,True,ADVANCED,False,-1
3,93,0.93,0.06330671510030943,0.007188595949234471,-0.08000000000000002,6.920263978519769e-07,1.2265097244292978e-06,0.3333333333333333,2.930642754574798e-10,True,ADVANCED,False,-1
3,94,0.9400000000000001,0.05963448286185098,0.003868696339884195,-0.08000000000000002,6.788341963492177e-07,1.2105528073246657e-06,0.3333333333333333,3.179868694225236e-10,True,ADVANCED,False,-1
3,95,0.9500000000000001,0.05730747672762482,0.0005447915145764624,-0.08000000000000002,6.628635616498009e-07,1.1915491463225325e-06,0.3333333333333333,3.4279513456210153e-10,True,ADVANCED,False,-1
3,96,0.96,0.055065382556553216,0.004847954305580091,-0.08000000000000002,6.444320373692292e-07,1.1737921016029688e-06,0.3333333333333333,3.675172196454005e-10,True,ADVANCED,False,-1
3,97,0.97,0.057077573970890395,0.009446379192520017,-0.08000000000000002,6.238136567055221e-07,1.1519932161884683e-06,0.3333333333333333,3.9211995183809233e-10,True,ADVANCED,False,-1
3,98,0.98,0.05612847901014371,0.0003858410258031964,-0.08000000000000002,6.010597444450956e-07,1.1210385642841568e-06,0.3333333333333333,4.165779186107769e-10,True,ADVANCED,False,-1
3,99,0.99,0.05825314497231674,-0.0031421648258109815,-0.08000000000000002,5.763941700782204e-07,1.0927163683390336e-06,0.3333333333333333,4.409737069471155e-10,True,ADVANCED,False,-1
4,0,0.0,1.1406934262468216,0.406490416713907,0.1968206759588736,0.0,0.0,0.3333333333333333,0.0,True,ADVANCED,False,-1
4,1,0.01,1.1161209113298005,0.4050565718610642,0.1968184308740213,-7.017355349322453e-08,-4.877885000566884e-07,0.3333333333333333,2.3541800651003365e-11,True,ADVANCED,False,-1
4,2,0.02,1.119271952140377,0.3861006546357452,0.19681648431838245,-2.0366764341967983e-07,-1.4128660363409849e-06,0.3333333333333333,6.818116138741318e-11,True,ADVANCED,False,-1
4,3,0.03,1.1202547735038055,0.37838373539627607,0.19681472348384021,-3.959912904453378e-07,-2.708756604559746e-06,0.3333333333333333,1.307320292341673e-10,True,ADVANCED,False,-1
4,4,0.04,1.1262150130020707,0.393637024759182,0.1968131805516733,-6.431057467657226e-07,-4.329118598432163e-06,0.3333333333333333,2.0896938566771638e-10,True,ADVANCED,False,-1
4,5,0.05,1.1141387970961536,0.38618066600419076,0.19681184765422594,-9.414749443004947e-07,-6.259808822628355e-06,0.3333333333333333,3.021901253694777e-10,True,ADVANCED,False,-1
4,6,0.06,1.119110138719584,0.3764485029932489,0.19681064991241737,-1.2870007679068274e-06,-8.460846823609957e-06,0.3333333333333333,4.0846663008951983e-10,True,ADVANCED,False,-1
4,7,0.07,1.126045868110947,0.3811939070650833,0.19680959621973781,-1.6768578952924274e-06,-1.08935192280853e-05,0.3333333333333333,5.259456502349044e-10,True,ADVANCED,False,-1
4,8,0.08,1.1155741314602583,0.389175162916799,0.19680867846918712,-2.1087679490995985e-06,-1.3540357080591213e-05,0.3333333333333333,6.537806774148305e-10,True,ADVANCED,False,-1
4,9,0.09,1.1403741192143841,0.4052552041354461,0.19680785857924982,-2.5795893123769034e-06,-1.638952134334669e-05,0.3333333333333333,7.913837740732651e-10,True,ADVANCED,False,-1
4,10,0.1,1.1017696411001234,0.18208596945992594,0.1954387366713829,-3.0886174946705283e-06,-1.944007542478915e-05,0.3333333333333333,9.386978673373833e-10,True,ADVANCED,False,-1
4,11,0.11,1.099776506926249,0.18626861751256873,0.19543824285352115,-3.6313475732385062e-06,-2.2404077261439272e-05,0.3333333333333333,1.0817195584596786e-09,True,ADVANCED,False,-1
4,12,0.12,1.0967430262656737,0.1937436089028423,0.1954377417744223,-4.205941782262661e-06,-2.5295201255441e-05,0.3333333333333333,1.221263005734148e-09,True,ADVANCED,False,-1
4,13,0.13,1.102004353439574,0.17815638934178085,0.1954372686068041,-4.810667058371758e-06,-2.81297051807291e-05,0.3333333333333333,1.3583019791584236e-09,True,ADVANCED,False,-1
4,14,0.14,1.0881875144487418,0.1850117462911024,0.19543678299373576,-5.444537938390182e-06,-3.089454638070328e-05,0.3333333333333333,1.49242057310489e-09,True,ADVANCED,False,-1
4,15,0.15,1.088722213437173,0.1791576515429702,0.19543634135191598,-6.1053696047123576e-06,-3.3604917556235776e-05,0.3333333333333333,1.6245005788108448e-09,True,ADVANCED,False,-1
4,16,0.16,1.0779102460264507,0.1853074566679206,0.19543588395993272,-6.792183379196625e-06,-3.6259240796074615e-05,0.3333333333333333,1.7546101865254355e-09,True,ADVANCED,False,-1
4,17,0.17,1.0923368259991273,0.16971478483116548,0.1954354641914193,-7.503321062128191e-06,-3.887050065994073e-05,0.3333333333333333,1.8834644516219215e-09,True,ADVANCED,False,-1
4,18,0.18,1.0973720017437303,0.19525562921835016,0.1954350202471215,-8.238861207980844e-06,-4.142429227922884e-05,0.3333333333333333,2.010479784266527e-09,True,ADVANCED,False,-1
4,19,0.19,1.092268523332088,0.19180884557545264,0.19543459366454233,-8.998337676879735e-06,-4.3957011491662933e-05,0.3333333333333333,2.1374278253400033e-09,True,ADVANCED,False,-1
4,20,0.2,0.8176397895501735,0.18085862316063747,0.1954061551769692,-9.780616042277603e-06,-4.646662939755841e-05,0.3333333333333333,2.264246210273531e-09,True,ADVANCED,False,-1
4,21,0.21,0.8155271676181488,0.1767099637961819,0.19540614261544795,-1.0568250674109928e-05,-4.8942315860672775e-05,0.3333333333333333,2.3904905146003225e-09,True,ADVANCED,False,-1
4,22,0.22,0.8235470104577818,0.18523663573773302,0.19540613029005377,-1.1361778229280535e-05,-5.138248563404919e-05,0.3333333333333333,2.516153425901857e-09,True,ADVANCED,False,-1
4,23,0.23,0.821424522550628,0.1803425817957113,0.19540611819313577,-1.2162266332205486e-05,-5.3800922392993616e-05,0.3333333333333333,2.641929533735085e-09,True,ADVANCED,False,-1
4,24,0.24,0.8152595610755924,0.18021583036255112,0.19540610659862623,-1.2970210523784443e-05,-5.619392657422107e-05,0.3333333333333333,2.7676643282978335e-09,True,ADVANCED,False,-1
4,25,0.25,25.0,25.0,0.5,-1.3785674354311798e-05,-5.856388933378559e-05,0.3333333333333333,2.8934741270705448e-09,True,ADVANCED,False,-1
4,26,0.26,25.0,25.0,0.5,-1.609648695865787e-05,-9.069685581742047e-05,0.3333333333333333,4.423860753103512e-09,True,ADVANCED,False,-1
4,27,0.27,25.0,25.0,0.5,-1.9790626785116456e-05,-0.00014961652565271465,0.3333333333333333,7.235655103898596e-09,True,ADVANCED,False,-1
4,28,0.28,25.0,25.0,0.5,-2.4767231138373034e-05,-0.0002326442285044952,0.3333333333333333,1.1205132737600103e-08,True,ADVANCED,False,-1
4,29,0.29,25.0,25.0,0.5,-3.0935583544570264e-05,-0.0003373691610711041,0.3333333333333333,1.62156806848784e-08,True,ADVANCED,False,-1
4,30,0.3,25.0,25.0,0.5,-3.82140125317397e-05,-0.0004616216003810474,0.3333333333333333,2.2162300584761864e-08,True,ADVANCED,False,-1
4,31,0.31,25.0,25.0,0.5,-4.652902043628462e-05,-0.000603448795759979,0.3333333333333333,2.8950880148681302e-08,True,ADVANCED,False,-1
4,32,0.32,25.0,25.0,0.5,-5.581439607807925e-05,-0.0007610932716009868,0.3333333333333333,3.6496952685819354e-08,True,ADVANCED,False,-1
4,33,0.33,25.0,25.0,0.5,-6.601066596824309e-05,-0.0009329732998578488,0.3333333333333333,4.47246198672259e-08,True,ADVANCED,False,-1
4,34,0.34,25.0,25.0,0.5,-7.706417407049981e-05,-0.0011176653252889654,0.3333333333333333,5.356563665533231e-08,True,ADVANCED,False,-1
4,35,0.35000000000000003,25.0,25.0,0.5,-8.892677983211655e-05,-0.001313888148176896,0.3333333333333333,6.295861685804428e-08,True,ADVANCED,False,-1
4,36,0.36,25.0,25.0,0.5,-0.00010155500021399397,-0.0015204886887759447,0.3333333333333333,7.28483322942799e-08,True,ADVANCED,False,-1
4,37,0.37,25.0,25.0,0.5,-0.00011490982038483692,-0.0017364291753149852,0.3333333333333333,8.318508900314177e-08,True,ADVANCED,False,-1
4,38,0.38,25.0,25.0,0.5,-0.0001289560337375548,-0.0019607756132000043,0.3333333333333333,9.392416937272665e-08,True,ADVANCED,False,-1
4,39,0.39,25.0,25.0,0.5,-0.00014366203759230445,-0.0021926874072963898,0.3333333333333333,1.0502533193062205e-07,True,ADVANCED,False,-1
4,40,0.4,25.0,25.0,0.5,-0.00015899934623834328,-0.0024314080219829917,0.3333333333333333,1.16452362187443e-07,True,ADVANCED,False,-1
4,41,0.41000000000000003,25.0,25.0,0.5,-0.0001749423491811727,-0.0026762565752007756,0.3333333333333333,1.2817266898524083e-07,True,ADVANCED,False,-1
4,42,0.42,25.0,25.0,0.5,-0.00019146791037816827,-0.002926620273096611,0.3333333333333333,1.401569215587267e-07,True,ADVANCED,False,-1
4,43,0.43,25.0,25.0,0.5,-0.0002085553372868852,-0.00318194760120268,0.3333333333333333,1.5237872310167642e-07,True,ADVANCED,False,-1
4,44,0.44,25.0,25.0,0.5,-0.00022618594999757513,-0.0034417421964979484,0.3333333333333333,1.6481431710859812e-07,True,ADVANCED,False,-1
4,45,0.45,25.0,25.0,0.5,-0.00024434287996991956,-0.003705557332263486,0.3333333333333333,1.7744232316657243e-07,True,ADVANCED,False,-1
4,46,0.46,25.0,25.0,0.5,-0.00026301102878419026,-0.003972990954452255,0.3333333333333333,1.9024349922301507e-07,True,ADVANCED,False,-1
4,47,0.47000000000000003,25.0,25.0,0.5,-0.0002821767512410922,-0.004243681214421923,0.3333333333333333,2.0320052766337908e-07,True,ADVANCED,False,-1
4,48,0.48,25.0,25.0,0.5,-0.0003018277933064492,-0.00451730244839439,0.3333333333333333,2.1629782280598656e-07,True,ADVANCED,False,-1
4,49,0.49,25.0,25.0,0.5,-0.0003219531496640249,-0.00479356155896937,0.3333333333333333,2.295213576645368e-07,True,ADVANCED,False,-1
4,50,0.5,25.0,25.0,0.5,-0.00034254287223034984,-0.005072194758486601,0.3333333333333333,2.428585080463623e-07,True,ADVANCED,False,-1
4,51,0.51,25.0,25.0,0.5,-0.0003635880277141586,-0.005352964638051851,0.3333333333333333,2.56297912249363e-07,True,ADVANCED,False,-1
4,52,0.52,25.0,25.0,0.5,-0.00038508056949181844,-0.005635657529660311,0.3333333333333333,2.6982934479534586e-07,True,ADVANCED,False,-1
4,53,0.53,25.0,25.0,0.5,-0.000407013255601906,-0.005920081132107655,0.3333333333333333,2.834436027944547e-07,True,ADVANCED,False,-1
4,54,0.54,25.0,25.0,0.5,-0.0004293795782709946,-0.006206062374309987,0.3333333333333333,2.9713240367639826e-07,True,ADVANCED,False,-1
4,55,0.55,25.0,25.0,0.5,-0.00045217367051084167,-0.006493445492291802,0.3333333333333333,3.108882931509528e-07,True,ADVANCED,False,-1
4,56,0.56,25.0,25.0,0.5,-0.0004753902553625473,-0.006782090298475148,0.3333333333333333,3.2470456237420245e-07,True,ADVANCED,False,-1
4,57,0.5700000000000001,25.0,25.0,0.5,-0.000499024570240276,-0.007071870624039866,0.3333333333333333,3.385751733994991e-07,True,ADVANCED,False,-1
4,58,0.58,25.0,25.0,0.5,-0.0005230723654539868,-0.007362672917047815,0.3333333333333333,3.5249469208434445e-07,True,ADVANCED,False,-1
4,59,0.59,25.0,25.0,0.5,-0.0005475298096211572,-0.007654394980754666,0.3333333333333333,3.6645822770735826e-07,True,ADVANCED,False,-1
4,60,0.6,25.0,25.0,0.5,-0.0005723933678999735,-0.007946944838090525,0.3333333333333333,3.804613786241445e-07,True,ADVANCED,False,-1
4,61,0.61,25.0,25.0,0.5,-0.0005976600188047725,-0.008240239709692489,0.3333333333333333,3.9450018335802825e-07,True,ADVANCED,False,-1
4,62,0.62,25.0,25.0,0.5,-0.0006233268764648577,-0.008534205094133943,0.3333333333333333,4.085710765820729e-07,True,ADVANCED,False,-1
4,63,0.63,25.0,25.0,0.5,-0.0006493914168711763,-0.008828773940130936,0.3333333333333333,4.2267084950317147e-07,True,ADVANCED,False,-1
4,64,0.64,25.0,25.0,0.5,-0.000675851441690155,-0.00912388590152791,0.3333333333333333,4.3679661420794393e-07,True,ADVANCED,False,-1
4,65,0.65,25.0,25.0,0.5,-0.0007027048791626994,-0.009419486666784865,0.3333333333333333,4.509457715742118e-07,True,ADVANCED,False,-1
4,66,0.66,25.0,25.0,0.5,-0.0007299498547134727,-0.009715527355515799,0.3333333333333333,4.651159823914579e-07,True,ADVANCED,False,-1
4,67,0.67,25.0,25.0,0.5,-0.0007575847311845634,-0.010011963975373314,0.3333333333333333,4.793051413693437e-07,True,ADVANCED,False,-1
4,68,0.68,25.0,25.0,0.5,-0.000785608051787053,-0.010308756933244748,0.3333333333333333,4.93511353745456e-07,True,ADVANCED,False,-1
4,69,0.6900000000000001,25.0,25.0,0.5,-0.0008140184188133749,-0.010605870595328708,0.3333333333333333,5.07732914232344e-07,True,ADVANCED,False,-1
4,70,0.7000000000000001,25.0,25.0,0.5,-0.0008428146742466483,-0.010903272891203939,0.3333333333333333,5.219682880699021e-07,True,ADVANCED,False,-1
4,71,0.71,25.0,25.0,0.5,-0.0008719956826128026,-0.011200934957491313,0.3333333333333333,5.362160939725552e-07,True,ADVANCED,False,-1
4,72,0.72,25.0,25.0,0.5,-0.0009015605152437651,-0.011498830817149613,0.3333333333333333,5.504750887817556e-07,True,ADVANCED,False,-1
4,73,0.73,25.0,25.0,0.5,-0.000931508269724746,-0.011796937090841746,0.3333333333333333,5.647441536532561e-07,True,ADVANCED,False,-1
4,74,0.74,25.0,25.0,0.5,-0.0009618381238902841,-0.012095232737164329,0.3333333333333333,5.790222816256731e-07,True,ADVANCED,False,-1
4,75,0.75,25.0,25.0,0.5,-0.0009925494243887174,-0.012393698818854312,0.3333333333333333,5.933085664322093e-07,True,ADVANCED,False,-1
4,76,0.76,25.0,25.0,0.5,-0.0010236414433153064,-0.012692318292374959,0.3333333333333333,6.07602192431215e-07,True,ADVANCED,False,-1
4,77,0.77,25.0,25.0,0.5,-0.001055113668774412,-0.012991075818543196,0.3333333333333333,6.219024255437014e-07,True,ADVANCED,False,-1
4,78,0.78,25.0,25.0,0.5,-0.0010869656300678103,-0.01328995759209427,0.3333333333333333,6.3620860509711e-07,True,ADVANCED,False,-1
4,79,0.79,25.0,25.0,0.5,-0.001119196757017517,-0.01358895118828989,0.3333333333333333,6.505201364847086e-07,True,ADVANCED,False,-1
4,80,0.8,25.0,25.0,0.5,-0.0011518066730206362,-0.013888045424865608,0.3333333333333333,6.648364845590512e-07,True,ADVANCED,False,-1
4,81,0.81,25.0,25.0,0.5,-0.0011847950557877637,-0.014187230237783406,0.3333333333333333,6.791571676860943e-07,True,ADVANCED,False,-1
4,82,0.8200000000000001,25.0,25.0,0.5,-0.0012181614320714948,-0.014486496569409079,0.3333333333333333,6.934817523939027e-07,True,ADVANCED,False,-1
4,83,0.8300000000000001,25.0,25.0,0.5,-0.0012519056057651886,-0.014785836267871838,0.3333333333333333,7.078098485564855e-07,True,ADVANCED,False,-1
4,84,0.84,25.0,25.0,0.5,-0.0012860272205165954,-0.015085241996487976,0.3333333333333333,7.221411050592474e-07,True,ADVANCED,False,-1
4,85,0.85,25.0,25.0,0.5,-0.0013205261221420018,-0.015384707152242154,0.3333333333333333,7.364752058978965e-07,True,ADVANCED,False,-1
4,86,0.86,25.0,25.0,0.5,-0.0013554020219958155,-0.015684225792420566,0.3333333333333333,7.508118666674589e-07,True,ADVANCED,False,-1
4,87,0.87,25.0,25.0,0.5,-0.0013906547269102415,-0.015983792568580787,0.3333333333333333,7.651508314023909e-07,True,ADVANCED,False,-1
4,88,0.88,25.0,25.0,0.5,-0.0014262840696954607,-0.01628340266712464,0.3333333333333333,7.794918697326806e-07,True,ADVANCED,False,-1
4,89,0.89,25.0,25.0,0.5,-0.0014622899065418315,-0.016583051755813757,0.3333333333333333,7.938347743243361e-07,True,ADVANCED,False,-1
4,90,0.9,25.0,25.0,0.5,-0.0014986720147617996,-0.016882735935633615,0.3333333333333333,8.081793585758241e-07,True,ADVANCED,False,-1
4,91,0.91,25.0,25.0,0.5,-0.0015354303238325176,-0.017182451697471138,0.3333333333333333,8.225254545448643e-07,True,ADVANCED,False,-1
4,92,0.92,25.0,25.0,0.5,-0.0015725647136619063,-0.017482195883124555,0.3333333333333333,8.368729110825405e-07,True,ADVANCED,False,-1
4,93,0.93,25.0,25.0,0.5,-0.001610075079497621,-0.017781965650212284,0.3333333333333333,8.512215921540023e-07,True,ADVANCED,False,-1
4,94,0.9400000000000001,25.0,25.0,0.5,-0.0016479612970863875,-0.01808175844059089,0.3333333333333333,8.65571375327093e-07,True,ADVANCED,False,-1
4,95,0.9500000000000001,25.0,25.0,0.5,-0.0016862233212134974,-0.018381571951931283,0.3333333333333333,8.799221504121127e-07,True,ADVANCED,False,-1
4,96,0.96,25.0,25.0,0.5,-0.001724860984620147,-0.018681404112137288,0.3333333333333333,8.94273818237606e-07,True,ADVANCED,False,-1
4,97,0.97,25.0,25.0,0.5,-0.0017638743299520758,-0.01898125305632234,0.3333333333333333,9.086262895485683e-07,True,ADVANCED,False,-1
4,98,0.98,25.0,25.0,0.5,-0.00180326324237953,-0.019281117106088538,0.3333333333333333,9.229794840148292e-07,True,ADVANCED,False,-1
4,99,0.99,25.0,25.0,0.5,-0.0018430276485316096,-0.019580994750877767,0.3333333333333333,9.373333293385976e-07,True,ADVANCED,False,-1
